,State_FIPS_Code,State,State_Abbreviation,City/County,Year,Annual_Minimum,Annual_Average,Annual_Maximum,Local_greater_State_min_wage,County_FIPS_Code
0,6,California,CA,Alameda,2004,6.75,6.75,6.75,0,06001
1,6,California,CA,Alameda,2005,6.75,6.75,6.75,0,06001
2,6,California,CA,Alameda,2006,6.75,6.75,6.75,0,06001
3,6,California,CA,Alameda,2007,7.5,7.5,7.5,0,06001
4,6,California,CA,Alameda,2008,8.0,8.0,8.0,0,06001
5,6,California,CA,Alameda,2009,8.0,8.0,8.0,0,06001
6,6,California,CA,Alameda,2010,8.0,8.0,8.0,0,06001
7,6,California,CA,Alameda,2011,8.0,8.0,8.0,0,06001
8,6,California,CA,Alameda,2012,8.0,8.0,8.0,0,06001
9,6,California,CA,Alameda,2013,8.0,8.0,8.0,0,06001
10,6,California,CA,Alameda,2014,8.0,8.504109589041096,9.0,0,06001
11,6,California,CA,Alameda,2015,9.0,9.0,9.0,0,06001
12,6,California,CA,Alameda,2016,10.0,10.0,10.0,0,06001
13,6,California,CA,Alameda,2017,10.5,10.5,10.5,0,06001
14,6,California,CA,Alameda,2018,11.0,11.0,11.0,0,06001
15,6,California,CA,Alameda,2019,12.0,12.756164383561643,13.5,1,06001
16,6,California,CA,Alameda,2020,13.5,14.254098360655737,15.0,1,06001
17,6,California,CA,Alameda,2021,15.0,15.0,15.0,1,06001
18,6,California,CA,Alameda,2022,15.0,15.378082191780821,15.75,1,06001
19,35,New Mexico,NM,Albuquerque,2004,5.15,5.150000000000033,5.15,0,35001
20,35,New Mexico,NM,Albuquerque,2005,5.15,5.150000000000033,5.15,0,35001
21,35,New Mexico,NM,Albuquerque,2006,5.15,5.150000000000033,5.15,0,35001
22,35,New Mexico,NM,Albuquerque,2007,6.75,6.75,6.75,1,35001
23,35,New Mexico,NM,Albuquerque,2008,7.15,7.150000000000048,7.15,1,35001
24,35,New Mexico,NM,Albuquerque,2009,7.5,7.5,7.5,0,35001
25,35,New Mexico,NM,Albuquerque,2010,7.5,7.5,7.5,0,35001
26,35,New Mexico,NM,Albuquerque,2011,7.5,7.5,7.5,0,35001
27,35,New Mexico,NM,Albuquerque,2012,7.5,7.5,7.5,0,35001
28,35,New Mexico,NM,Albuquerque,2013,8.5,8.5,8.5,1,35001
29,35,New Mexico,NM,Albuquerque,2014,8.6,8.599999999999945,8.6,1,35001
30,35,New Mexico,NM,Albuquerque,2015,8.75,8.75,8.75,1,35001
31,35,New Mexico,NM,Albuquerque,2016,8.75,8.75,8.75,1,35001
32,35,New Mexico,NM,Albuquerque,2017,8.8,8.800000000000047,8.8,1,35001
33,35,New Mexico,NM,Albuquerque,2018,8.950000000000001,8.949999999999951,8.950000000000001,1,35001
34,35,New Mexico,NM,Albuquerque,2019,9.200000000000001,9.19999999999995,9.200000000000001,1,35001
35,35,New Mexico,NM,Albuquerque,2020,9.35,9.349999999999941,9.35,1,35001
36,35,New Mexico,NM,Albuquerque,2021,10.5,10.5,10.5,0,35001
37,35,New Mexico,NM,Albuquerque,2022,11.5,11.5,11.5,0,35001
38,6,California,CA,Belmont,2004,6.75,6.75,6.75,0,06081
39,6,California,CA,Belmont,2005,6.75,6.75,6.75,0,06081
40,6,California,CA,Belmont,2006,6.75,6.75,6.75,0,06081
41,6,California,CA,Belmont,2007,7.5,7.5,7.5,0,06081
42,6,California,CA,Belmont,2008,8.0,8.0,8.0,0,06081
43,6,California,CA,Belmont,2009,8.0,8.0,8.0,0,06081
44,6,California,CA,Belmont,2010,8.0,8.0,8.0,0,06081
45,6,California,CA,Belmont,2011,8.0,8.0,8.0,0,06081
46,6,California,CA,Belmont,2012,8.0,8.0,8.0,0,06081
47,6,California,CA,Belmont,2013,8.0,8.0,8.0,0,06081
48,6,California,CA,Belmont,2014,8.0,8.504109589041096,9.0,0,06081
49,6,California,CA,Belmont,2015,9.0,9.0,9.0,0,06081
50,6,California,CA,Belmont,2016,10.0,10.0,10.0,0,06081
51,6,California,CA,Belmont,2017,10.5,10.5,10.5,0,06081
52,6,California,CA,Belmont,2018,11.0,12.475342465753425,12.5,1,06081
53,6,California,CA,Belmont,2019,13.5,13.5,13.5,1,06081
54,6,California,CA,Belmont,2020,15.0,15.0,15.0,1,06081
55,6,California,CA,Belmont,2021,15.9,15.899999999999938,15.9,1,06081
56,6,California,CA,Belmont,2022,16.2,16.199999999999893,16.2,1,06081
57,6,California,CA,Berkeley,2004,6.75,6.75,6.75,0,06001
58,6,California,CA,Berkeley,2005,6.75,6.75,6.75,0,06001
59,6,California,CA,Berkeley,2006,6.75,6.75,6.75,0,06001
60,6,California,CA,Berkeley,2007,7.5,7.5,7.5,0,06001
61,6,California,CA,Berkeley,2008,8.0,8.0,8.0,0,06001
62,6,California,CA,Berkeley,2009,8.0,8.0,8.0,0,06001
63,6,California,CA,Berkeley,2010,8.0,8.0,8.0,0,06001
64,6,California,CA,Berkeley,2011,8.0,8.0,8.0,0,06001
65,6,California,CA,Berkeley,2012,8.0,8.0,8.0,0,06001
66,6,California,CA,Berkeley,2013,8.0,8.0,8.0,0,06001
67,6,California,CA,Berkeley,2014,8.0,8.756164383561643,10.0,1,06001
68,6,California,CA,Berkeley,2015,10.0,10.252054794520548,11.0,1,06001
69,6,California,CA,Berkeley,2016,11.0,11.384590163934469,12.530000000000001,1,06001
70,6,California,CA,Berkeley,2017,12.530000000000001,12.837506849315119,13.75,1,06001
71,6,California,CA,Berkeley,2018,13.75,14.065068493150685,15.0,1,06001
72,6,California,CA,Berkeley,2019,15.0,15.29742465753432,15.59,1,06001
73,6,California,CA,Berkeley,2020,15.59,15.831311475409795,16.07,1,06001
74,6,California,CA,Berkeley,2021,16.07,16.196027397260234,16.32,1,06001
75,6,California,CA,Berkeley,2022,16.32,16.657753424657443,16.990000000000002,1,06001
76,35,New Mexico,NM,Bernalillo County,2004,5.15,5.150000000000033,5.15,0,35001
77,35,New Mexico,NM,Bernalillo County,2005,5.15,5.150000000000033,5.15,0,35001
78,35,New Mexico,NM,Bernalillo County,2006,5.15,5.150000000000033,5.15,0,35001
79,35,New Mexico,NM,Bernalillo County,2007,5.15,5.458767123287624,5.8500000000000005,0,35001
80,35,New Mexico,NM,Bernalillo County,2008,6.5,6.521994535519138,6.55,0,35001
81,35,New Mexico,NM,Bernalillo County,2009,7.5,7.5,7.5,0,35001
82,35,New Mexico,NM,Bernalillo County,2010,7.5,7.5,7.5,0,35001
83,35,New Mexico,NM,Bernalillo County,2011,7.5,7.5,7.5,0,35001
84,35,New Mexico,NM,Bernalillo County,2012,7.5,7.5,7.5,0,35001
85,35,New Mexico,NM,Bernalillo County,2013,7.5,7.752054794520548,8.0,1,35001
86,35,New Mexico,NM,Bernalillo County,2014,8.5,8.5,8.5,1,35001
87,35,New Mexico,NM,Bernalillo County,2015,8.5,8.639726027397316,8.65,1,35001
88,35,New Mexico,NM,Bernalillo County,2016,8.65,8.650000000000055,8.65,1,35001
89,35,New Mexico,NM,Bernalillo County,2017,8.700000000000001,8.699999999999957,8.700000000000001,1,35001
90,35,New Mexico,NM,Bernalillo County,2018,8.85,8.849999999999943,8.85,1,35001
91,35,New Mexico,NM,Bernalillo County,2019,9.05,9.050000000000049,9.05,1,35001
92,35,New Mexico,NM,Bernalillo County,2020,9.200000000000001,9.199999999999948,9.200000000000001,1,35001
93,35,New Mexico,NM,Bernalillo County,2021,9.35,9.349999999999941,9.35,0,35001
94,35,New Mexico,NM,Bernalillo County,2022,9.35,9.349999999999941,9.35,0,35001
95,17,Illinois,IL,Chicago,2004,5.5,5.5,5.5,0,17031
96,17,Illinois,IL,Chicago,2005,6.5,6.5,6.5,0,17031
97,17,Illinois,IL,Chicago,2006,6.5,6.5,6.5,0,17031
98,17,Illinois,IL,Chicago,2007,6.5,7.004109589041096,7.5,0,17031
99,17,Illinois,IL,Chicago,2008,7.5,7.6256830601092895,7.75,0,17031
100,17,Illinois,IL,Chicago,2009,7.75,7.876027397260274,8.0,0,17031
101,17,Illinois,IL,Chicago,2010,8.0,8.126027397260273,8.25,0,17031
102,17,Illinois,IL,Chicago,2011,8.25,8.25,8.25,0,17031
103,17,Illinois,IL,Chicago,2012,8.25,8.25,8.25,0,17031
104,17,Illinois,IL,Chicago,2013,8.25,8.25,8.25,0,17031
105,17,Illinois,IL,Chicago,2014,8.25,8.25,8.25,0,17031
106,17,Illinois,IL,Chicago,2015,8.25,9.132191780821918,10.0,1,17031
107,17,Illinois,IL,Chicago,2016,10.0,10.251366120218579,10.5,1,17031
108,17,Illinois,IL,Chicago,2017,10.5,10.752054794520548,11.0,1,17031
109,17,Illinois,IL,Chicago,2018,11.0,11.504109589041096,12.0,1,17031
110,17,Illinois,IL,Chicago,2019,12.0,12.504109589041096,13.0,1,17031
111,17,Illinois,IL,Chicago,2020,13.0,13.502732240437158,14.0,1,17031
112,17,Illinois,IL,Chicago,2021,14.0,14.504109589041096,15.0,1,17031
113,17,Illinois,IL,Chicago,2022,15.0,15.001095890410959,15.4,1,17031
114,17,Illinois,IL,Cook County,2004,5.5,5.5,5.5,0,17031
115,17,Illinois,IL,Cook County,2005,6.5,6.5,6.5,0,17031
116,17,Illinois,IL,Cook County,2006,6.5,6.5,6.5,0,17031
117,17,Illinois,IL,Cook County,2007,6.5,7.004109589041096,7.5,0,17031
118,17,Illinois,IL,Cook County,2008,7.5,7.6256830601092895,7.75,0,17031
119,17,Illinois,IL,Cook County,2009,7.75,7.876027397260274,8.0,0,17031
120,17,Illinois,IL,Cook County,2010,8.0,8.126027397260273,8.25,0,17031
121,17,Illinois,IL,Cook County,2011,8.25,8.25,8.25,0,17031
122,17,Illinois,IL,Cook County,2012,8.25,8.25,8.25,0,17031
123,17,Illinois,IL,Cook County,2013,8.25,8.25,8.25,0,17031
124,17,Illinois,IL,Cook County,2014,8.25,8.25,8.25,0,17031
125,17,Illinois,IL,Cook County,2015,8.25,8.25,8.25,0,17031
126,17,Illinois,IL,Cook County,2016,8.25,8.25,8.25,0,17031
127,17,Illinois,IL,Cook County,2017,8.25,9.132191780821918,10.0,1,17031
128,17,Illinois,IL,Cook County,2018,10.0,10.504109589041096,11.0,1,17031
129,17,Illinois,IL,Cook County,2019,11.0,11.504109589041096,12.0,1,17031
130,17,Illinois,IL,Cook County,2020,12.0,12.502732240437158,13.0,1,17031
131,17,Illinois,IL,Cook County,2021,13.0,13.0,13.0,1,17031
132,17,Illinois,IL,Cook County,2022,13.0,13.147671232876739,13.35,1,17031
133,6,California,CA,Cupertino,2004,6.75,6.75,6.75,0,06085
134,6,California,CA,Cupertino,2005,6.75,6.75,6.75,0,06085
135,6,California,CA,Cupertino,2006,6.75,6.75,6.75,0,06085
136,6,California,CA,Cupertino,2007,7.5,7.5,7.5,0,06085
137,6,California,CA,Cupertino,2008,8.0,8.0,8.0,0,06085
138,6,California,CA,Cupertino,2009,8.0,8.0,8.0,0,06085
139,6,California,CA,Cupertino,2010,8.0,8.0,8.0,0,06085
140,6,California,CA,Cupertino,2011,8.0,8.0,8.0,0,06085
141,6,California,CA,Cupertino,2012,8.0,8.0,8.0,0,06085
142,6,California,CA,Cupertino,2013,8.0,8.0,8.0,0,06085
143,6,California,CA,Cupertino,2014,8.0,8.504109589041096,9.0,0,06085
144,6,California,CA,Cupertino,2015,9.0,9.0,9.0,0,06085
145,6,California,CA,Cupertino,2016,10.0,10.0,10.0,0,06085
146,6,California,CA,Cupertino,2017,12.0,12.0,12.0,1,06085
147,6,California,CA,Cupertino,2018,13.5,13.5,13.5,1,06085
148,6,California,CA,Cupertino,2019,15.0,15.0,15.0,1,06085
149,6,California,CA,Cupertino,2020,15.35,15.350000000000053,15.35,1,06085
150,6,California,CA,Cupertino,2021,15.65,15.649999999999944,15.65,1,06085
151,6,California,CA,Cupertino,2022,15.0,15.003835616438355,16.4,1,06085
152,8,Colorado,CO,Denver,2004,5.15,5.150000000000033,5.15,0,08031
153,8,Colorado,CO,Denver,2005,5.15,5.150000000000033,5.15,0,08031
154,8,Colorado,CO,Denver,2006,5.15,5.150000000000033,5.15,0,08031
155,8,Colorado,CO,Denver,2007,6.8500000000000005,6.849999999999953,6.8500000000000005,0,08031
156,8,Colorado,CO,Denver,2008,7.0200000000000005,7.0199999999999845,7.0200000000000005,0,08031
157,8,Colorado,CO,Denver,2009,7.28,7.280000000000028,7.28,0,08031
158,8,Colorado,CO,Denver,2010,7.25,7.25,7.25,0,08031
159,8,Colorado,CO,Denver,2011,7.36,7.359999999999997,7.36,0,08031
160,8,Colorado,CO,Denver,2012,7.640000000000001,7.639999999999998,7.640000000000001,0,08031
161,8,Colorado,CO,Denver,2013,7.78,7.780000000000038,7.78,0,08031
162,8,Colorado,CO,Denver,2014,8.0,8.0,8.0,0,08031
163,8,Colorado,CO,Denver,2015,8.23,8.230000000000016,8.23,0,08031
164,8,Colorado,CO,Denver,2016,8.31,8.309999999999956,8.31,0,08031
165,8,Colorado,CO,Denver,2017,9.3,9.300000000000052,9.3,0,08031
166,8,Colorado,CO,Denver,2018,10.200000000000001,10.199999999999935,10.200000000000001,0,08031
167,8,Colorado,CO,Denver,2019,11.1,11.099999999999936,11.1,0,08031
168,8,Colorado,CO,Denver,2020,12.85,12.84999999999999,12.85,1,08031
169,8,Colorado,CO,Denver,2021,14.77,14.770000000000092,14.77,1,08031
170,8,Colorado,CO,Denver,2022,15.870000000000001,15.86999999999991,15.870000000000001,1,08031
171,6,California,CA,East Palo Alto,2004,6.75,6.75,6.75,0,06081
172,6,California,CA,East Palo Alto,2005,6.75,6.75,6.75,0,06081
173,6,California,CA,East Palo Alto,2006,6.75,6.75,6.75,0,06081
174,6,California,CA,East Palo Alto,2007,7.5,7.5,7.5,0,06081
175,6,California,CA,East Palo Alto,2008,8.0,8.0,8.0,0,06081
176,6,California,CA,East Palo Alto,2009,8.0,8.0,8.0,0,06081
177,6,California,CA,East Palo Alto,2010,8.0,8.0,8.0,0,06081
178,6,California,CA,East Palo Alto,2011,8.0,8.0,8.0,0,06081
179,6,California,CA,East Palo Alto,2012,8.0,8.0,8.0,0,06081
180,6,California,CA,East Palo Alto,2013,8.0,8.0,8.0,0,06081
181,6,California,CA,East Palo Alto,2014,8.0,8.504109589041096,9.0,0,06081
182,6,California,CA,East Palo Alto,2015,9.0,9.0,9.0,0,06081
183,6,California,CA,East Palo Alto,2016,10.0,10.0,10.0,0,06081
184,6,California,CA,East Palo Alto,2017,10.5,10.5,10.5,0,06081
185,6,California,CA,East Palo Alto,2018,11.0,11.0,11.0,0,06081
186,6,California,CA,East Palo Alto,2019,12.0,12.0,12.0,0,06081
187,6,California,CA,East Palo Alto,2020,13.0,13.0,13.0,0,06081
188,6,California,CA,East Palo Alto,2021,15.0,15.0,15.0,1,06081
189,6,California,CA,East Palo Alto,2022,15.6,15.600000000000056,15.6,1,06081
190,6,California,CA,El Cerrito,2004,6.75,6.75,6.75,0,06013
191,6,California,CA,El Cerrito,2005,6.75,6.75,6.75,0,06013
192,6,California,CA,El Cerrito,2006,6.75,6.75,6.75,0,06013
193,6,California,CA,El Cerrito,2007,7.5,7.5,7.5,0,06013
194,6,California,CA,El Cerrito,2008,8.0,8.0,8.0,0,06013
195,6,California,CA,El Cerrito,2009,8.0,8.0,8.0,0,06013
196,6,California,CA,El Cerrito,2010,8.0,8.0,8.0,0,06013
197,6,California,CA,El Cerrito,2011,8.0,8.0,8.0,0,06013
198,6,California,CA,El Cerrito,2012,8.0,8.0,8.0,0,06013
199,6,California,CA,El Cerrito,2013,8.0,8.0,8.0,0,06013
200,6,California,CA,El Cerrito,2014,8.0,8.504109589041096,9.0,0,06013
201,6,California,CA,El Cerrito,2015,9.0,9.0,9.0,0,06013
202,6,California,CA,El Cerrito,2016,10.0,10.804371584699409,11.6,1,06013
203,6,California,CA,El Cerrito,2017,12.25,12.25,12.25,1,06013
204,6,California,CA,El Cerrito,2018,13.6,13.60000000000001,13.6,1,06013
205,6,California,CA,El Cerrito,2019,15.0,15.0,15.0,1,06013
206,6,California,CA,El Cerrito,2020,15.370000000000001,15.369999999999914,15.370000000000001,1,06013
207,6,California,CA,El Cerrito,2021,15.610000000000001,15.609999999999937,15.610000000000001,1,06013
208,6,California,CA,El Cerrito,2022,16.37,16.369999999999912,16.37,1,06013
209,6,California,CA,Emeryville,2004,6.75,6.75,6.75,0,06001
210,6,California,CA,Emeryville,2005,6.75,6.75,6.75,0,06001
211,6,California,CA,Emeryville,2006,6.75,6.75,6.75,0,06001
212,6,California,CA,Emeryville,2007,7.5,7.5,7.5,0,06001
213,6,California,CA,Emeryville,2008,8.0,8.0,8.0,0,06001
214,6,California,CA,Emeryville,2009,8.0,8.0,8.0,0,06001
215,6,California,CA,Emeryville,2010,8.0,8.0,8.0,0,06001
216,6,California,CA,Emeryville,2011,8.0,8.0,8.0,0,06001
217,6,California,CA,Emeryville,2012,8.0,8.0,8.0,0,06001
218,6,California,CA,Emeryville,2013,8.0,8.0,8.0,0,06001
219,6,California,CA,Emeryville,2014,8.0,8.504109589041096,9.0,0,06001
220,6,California,CA,Emeryville,2015,9.0,11.727452054794531,14.44,1,06001
221,6,California,CA,Emeryville,2016,14.44,14.631038251366117,14.82,1,06001
222,6,California,CA,Emeryville,2017,14.82,15.011561643835538,15.200000000000001,1,06001
223,6,California,CA,Emeryville,2018,15.200000000000001,15.447013698630029,15.69,1,06001
224,6,California,CA,Emeryville,2019,15.69,15.997506849315181,16.3,1,06001
225,6,California,CA,Emeryville,2020,16.3,16.571475409836154,16.84,1,06001
226,6,California,CA,Emeryville,2021,16.84,16.986191780821983,17.13,1,06001
227,6,California,CA,Emeryville,2022,17.13,17.407260273972714,17.68,1,06001
228,4,Arizona,AZ,Flagstaff,2004,5.15,5.150000000000033,5.15,0,04005
229,4,Arizona,AZ,Flagstaff,2005,5.15,5.150000000000033,5.15,0,04005
230,4,Arizona,AZ,Flagstaff,2006,5.15,5.150000000000033,5.15,0,04005
231,4,Arizona,AZ,Flagstaff,2007,6.75,6.75,6.75,0,04005
232,4,Arizona,AZ,Flagstaff,2008,6.9,6.900000000000047,6.9,0,04005
233,4,Arizona,AZ,Flagstaff,2009,7.25,7.25,7.25,0,04005
234,4,Arizona,AZ,Flagstaff,2010,7.25,7.25,7.25,0,04005
235,4,Arizona,AZ,Flagstaff,2011,7.3500000000000005,7.34999999999995,7.3500000000000005,0,04005
236,4,Arizona,AZ,Flagstaff,2012,7.65,7.650000000000051,7.65,0,04005
237,4,Arizona,AZ,Flagstaff,2013,7.8,7.800000000000028,7.8,0,04005
238,4,Arizona,AZ,Flagstaff,2014,7.9,7.900000000000053,7.9,0,04005
239,4,Arizona,AZ,Flagstaff,2015,8.05,8.050000000000033,8.05,0,04005
240,4,Arizona,AZ,Flagstaff,2016,8.05,8.050000000000033,8.05,0,04005
241,4,Arizona,AZ,Flagstaff,2017,10.0,10.0,10.0,0,04005
242,4,Arizona,AZ,Flagstaff,2018,11.0,11.0,11.0,1,04005
243,4,Arizona,AZ,Flagstaff,2019,12.0,12.0,12.0,1,04005
244,4,Arizona,AZ,Flagstaff,2020,13.0,13.0,13.0,1,04005
245,4,Arizona,AZ,Flagstaff,2021,15.0,15.0,15.0,1,04005
246,4,Arizona,AZ,Flagstaff,2022,15.5,15.5,15.5,1,04005
247,6,California,CA,Fremont,2004,6.75,6.75,6.75,0,06001
248,6,California,CA,Fremont,2005,6.75,6.75,6.75,0,06001
249,6,California,CA,Fremont,2006,6.75,6.75,6.75,0,06001
250,6,California,CA,Fremont,2007,7.5,7.5,7.5,0,06001
251,6,California,CA,Fremont,2008,8.0,8.0,8.0,0,06001
252,6,California,CA,Fremont,2009,8.0,8.0,8.0,0,06001
253,6,California,CA,Fremont,2010,8.0,8.0,8.0,0,06001
254,6,California,CA,Fremont,2011,8.0,8.0,8.0,0,06001
255,6,California,CA,Fremont,2012,8.0,8.0,8.0,0,06001
256,6,California,CA,Fremont,2013,8.0,8.0,8.0,0,06001
257,6,California,CA,Fremont,2014,8.0,8.504109589041096,9.0,0,06001
258,6,California,CA,Fremont,2015,9.0,9.0,9.0,0,06001
259,6,California,CA,Fremont,2016,10.0,10.0,10.0,0,06001
260,6,California,CA,Fremont,2017,10.5,10.5,10.5,0,06001
261,6,California,CA,Fremont,2018,11.0,11.0,11.0,0,06001
262,6,California,CA,Fremont,2019,12.0,12.756164383561643,13.5,1,06001
263,6,California,CA,Fremont,2020,13.5,14.254098360655737,15.0,1,06001
264,6,California,CA,Fremont,2021,15.0,15.126027397260273,15.25,1,06001
265,6,California,CA,Fremont,2022,15.25,15.628082191780821,16.0,1,06001
266,6,California,CA,Hayward,2004,6.75,6.75,6.75,0,06001
267,6,California,CA,Hayward,2005,6.75,6.75,6.75,0,06001
268,6,California,CA,Hayward,2006,6.75,6.75,6.75,0,06001
269,6,California,CA,Hayward,2007,7.5,7.5,7.5,0,06001
270,6,California,CA,Hayward,2008,8.0,8.0,8.0,0,06001
271,6,California,CA,Hayward,2009,8.0,8.0,8.0,0,06001
272,6,California,CA,Hayward,2010,8.0,8.0,8.0,0,06001
273,6,California,CA,Hayward,2011,8.0,8.0,8.0,0,06001
274,6,California,CA,Hayward,2012,8.0,8.0,8.0,0,06001
275,6,California,CA,Hayward,2013,8.0,8.0,8.0,0,06001
276,6,California,CA,Hayward,2014,8.0,8.504109589041096,9.0,0,06001
277,6,California,CA,Hayward,2015,9.0,9.0,9.0,0,06001
278,6,California,CA,Hayward,2016,10.0,10.0,10.0,0,06001
279,6,California,CA,Hayward,2017,10.5,10.5,10.5,0,06001
280,6,California,CA,Hayward,2018,11.0,11.0,11.0,0,06001
281,6,California,CA,Hayward,2019,12.0,12.0,12.0,0,06001
282,6,California,CA,Hayward,2020,13.0,13.0,13.0,0,06001
283,6,California,CA,Hayward,2021,15.0,15.0,15.0,1,06001
284,6,California,CA,Hayward,2022,15.56,15.560000000000077,15.56,1,06001
285,19,Iowa,IA,Johnson County,2004,5.15,5.150000000000033,5.15,0,19103
286,19,Iowa,IA,Johnson County,2005,5.15,5.150000000000033,5.15,0,19103
287,19,Iowa,IA,Johnson County,2006,5.15,5.150000000000033,5.15,0,19103
288,19,Iowa,IA,Johnson County,2007,5.15,5.941095890410978,6.2,0,19103
289,19,Iowa,IA,Johnson County,2008,7.25,7.25,7.25,0,19103
290,19,Iowa,IA,Johnson County,2009,7.25,7.25,7.25,0,19103
291,19,Iowa,IA,Johnson County,2010,7.25,7.25,7.25,0,19103
292,19,Iowa,IA,Johnson County,2011,7.25,7.25,7.25,0,19103
293,19,Iowa,IA,Johnson County,2012,7.25,7.25,7.25,0,19103
294,19,Iowa,IA,Johnson County,2013,7.25,7.25,7.25,0,19103
295,19,Iowa,IA,Johnson County,2014,7.25,7.25,7.25,0,19103
296,19,Iowa,IA,Johnson County,2015,7.25,7.408767123287641,8.2,1,19103
297,19,Iowa,IA,Johnson County,2016,8.2,8.8359289617487,9.15,1,19103
298,19,Iowa,IA,Johnson County,2017,7.25,7.937123287671211,10.1,1,19103
299,19,Iowa,IA,Johnson County,2018,7.25,7.25,7.25,0,19103
300,19,Iowa,IA,Johnson County,2019,7.25,7.25,7.25,0,19103
301,19,Iowa,IA,Johnson County,2020,7.25,7.25,7.25,0,19103
302,19,Iowa,IA,Johnson County,2021,7.25,7.25,7.25,0,19103
303,19,Iowa,IA,Johnson County,2022,7.25,7.25,7.25,0,19103
304,35,New Mexico,NM,Las Cruces,2004,5.15,5.150000000000033,5.15,0,35013
305,35,New Mexico,NM,Las Cruces,2005,5.15,5.150000000000033,5.15,0,35013
306,35,New Mexico,NM,Las Cruces,2006,5.15,5.150000000000033,5.15,0,35013
307,35,New Mexico,NM,Las Cruces,2007,5.15,5.458767123287624,5.8500000000000005,0,35013
308,35,New Mexico,NM,Las Cruces,2008,6.5,6.521994535519138,6.55,0,35013
309,35,New Mexico,NM,Las Cruces,2009,7.5,7.5,7.5,0,35013
310,35,New Mexico,NM,Las Cruces,2010,7.5,7.5,7.5,0,35013
311,35,New Mexico,NM,Las Cruces,2011,7.5,7.5,7.5,0,35013
312,35,New Mexico,NM,Las Cruces,2012,7.5,7.5,7.5,0,35013
313,35,New Mexico,NM,Las Cruces,2013,7.5,7.5,7.5,0,35013
314,35,New Mexico,NM,Las Cruces,2014,7.5,7.5,7.5,0,35013
315,35,New Mexico,NM,Las Cruces,2015,8.4,8.400000000000055,8.4,1,35013
316,35,New Mexico,NM,Las Cruces,2016,8.4,8.400000000000055,8.4,1,35013
317,35,New Mexico,NM,Las Cruces,2017,9.200000000000001,9.19999999999995,9.200000000000001,1,35013
318,35,New Mexico,NM,Las Cruces,2018,9.200000000000001,9.19999999999995,9.200000000000001,1,35013
319,35,New Mexico,NM,Las Cruces,2019,10.1,10.09999999999994,10.1,1,35013
320,35,New Mexico,NM,Las Cruces,2020,10.25,10.25,10.25,1,35013
321,35,New Mexico,NM,Las Cruces,2021,10.5,10.5,10.5,0,35013
322,35,New Mexico,NM,Las Cruces,2022,10.5,10.502739726027396,11.5,0,35013
323,21,Kentucky,KY,Lexington,2004,5.15,5.150000000000033,5.15,0,21067
324,21,Kentucky,KY,Lexington,2005,5.15,5.150000000000033,5.15,0,21067
325,21,Kentucky,KY,Lexington,2006,5.15,5.150000000000033,5.15,0,21067
326,21,Kentucky,KY,Lexington,2007,5.15,5.5124657534246095,5.8500000000000005,0,21067
327,21,Kentucky,KY,Lexington,2008,5.8500000000000005,6.201912568306015,6.55,0,21067
328,21,Kentucky,KY,Lexington,2009,6.55,6.902876712328756,7.25,0,21067
329,21,Kentucky,KY,Lexington,2010,7.25,7.25,7.25,0,21067
330,21,Kentucky,KY,Lexington,2011,7.25,7.25,7.25,0,21067
331,21,Kentucky,KY,Lexington,2012,7.25,7.25,7.25,0,21067
332,21,Kentucky,KY,Lexington,2013,7.25,7.25,7.25,0,21067
333,21,Kentucky,KY,Lexington,2014,7.25,7.25,7.25,0,21067
334,21,Kentucky,KY,Lexington,2015,7.25,7.25,7.25,0,21067
335,21,Kentucky,KY,Lexington,2016,7.25,7.53811475409832,8.2,1,21067
336,21,Kentucky,KY,Lexington,2017,7.25,7.25,7.25,0,21067
337,21,Kentucky,KY,Lexington,2018,7.25,7.25,7.25,0,21067
338,21,Kentucky,KY,Lexington,2019,7.25,7.25,7.25,0,21067
339,21,Kentucky,KY,Lexington,2020,7.25,7.25,7.25,0,21067
340,21,Kentucky,KY,Lexington,2021,7.25,7.25,7.25,0,21067
341,21,Kentucky,KY,Lexington,2022,7.25,7.25,7.25,0,21067
342,19,Iowa,IA,Linn County,2004,5.15,5.150000000000033,5.15,0,19113
343,19,Iowa,IA,Linn County,2005,5.15,5.150000000000033,5.15,0,19113
344,19,Iowa,IA,Linn County,2006,5.15,5.150000000000033,5.15,0,19113
345,19,Iowa,IA,Linn County,2007,5.15,5.941095890410978,6.2,0,19113
346,19,Iowa,IA,Linn County,2008,7.25,7.25,7.25,0,19113
347,19,Iowa,IA,Linn County,2009,7.25,7.25,7.25,0,19113
348,19,Iowa,IA,Linn County,2010,7.25,7.25,7.25,0,19113
349,19,Iowa,IA,Linn County,2011,7.25,7.25,7.25,0,19113
350,19,Iowa,IA,Linn County,2012,7.25,7.25,7.25,0,19113
351,19,Iowa,IA,Linn County,2013,7.25,7.25,7.25,0,19113
352,19,Iowa,IA,Linn County,2014,7.25,7.25,7.25,0,19113
353,19,Iowa,IA,Linn County,2015,7.25,7.25,7.25,0,19113
354,19,Iowa,IA,Linn County,2016,7.25,7.25,7.25,0,19113
355,19,Iowa,IA,Linn County,2017,7.25,7.491095890410959,8.25,1,19113
356,19,Iowa,IA,Linn County,2018,7.25,7.25,7.25,0,19113
357,19,Iowa,IA,Linn County,2019,7.25,7.25,7.25,0,19113
358,19,Iowa,IA,Linn County,2020,7.25,7.25,7.25,0,19113
359,19,Iowa,IA,Linn County,2021,7.25,7.25,7.25,0,19113
360,19,Iowa,IA,Linn County,2022,7.25,7.25,7.25,0,19113
361,36,New York,NY,Long Island & Westchester,2004,5.15,5.150000000000033,5.15,0,
362,36,New York,NY,Long Island & Westchester,2005,6.0,6.0,6.0,0,
363,36,New York,NY,Long Island & Westchester,2006,6.75,6.75,6.75,0,
364,36,New York,NY,Long Island & Westchester,2007,7.15,7.150000000000048,7.15,0,
365,36,New York,NY,Long Island & Westchester,2008,7.15,7.150000000000048,7.15,0,
366,36,New York,NY,Long Island & Westchester,2009,7.15,7.194109589041104,7.25,0,
367,36,New York,NY,Long Island & Westchester,2010,7.25,7.25,7.25,0,
368,36,New York,NY,Long Island & Westchester,2011,7.25,7.25,7.25,0,
369,36,New York,NY,Long Island & Westchester,2012,7.25,7.25,7.25,0,
370,36,New York,NY,Long Island & Westchester,2013,7.25,7.252054794520548,8.0,0,
371,36,New York,NY,Long Island & Westchester,2014,8.0,8.002054794520548,8.75,0,
372,36,New York,NY,Long Island & Westchester,2015,8.75,8.75068493150685,9.0,0,
373,36,New York,NY,Long Island & Westchester,2016,9.0,9.002732240437158,10.0,1,
374,36,New York,NY,Long Island & Westchester,2017,10.0,10.002739726027396,11.0,1,
375,36,New York,NY,Long Island & Westchester,2018,11.0,11.002739726027396,12.0,1,
376,36,New York,NY,Long Island & Westchester,2019,12.0,12.002739726027396,13.0,1,
377,36,New York,NY,Long Island & Westchester,2020,13.0,13.002732240437158,14.0,1,
378,36,New York,NY,Long Island & Westchester,2021,14.0,14.002739726027396,15.0,1,
379,36,New York,NY,Long Island & Westchester,2022,15.0,15.0,15.0,1,
380,6,California,CA,Los Altos,2004,6.75,6.75,6.75,0,06085
381,6,California,CA,Los Altos,2005,6.75,6.75,6.75,0,06085
382,6,California,CA,Los Altos,2006,6.75,6.75,6.75,0,06085
383,6,California,CA,Los Altos,2007,7.5,7.5,7.5,0,06085
384,6,California,CA,Los Altos,2008,8.0,8.0,8.0,0,06085
385,6,California,CA,Los Altos,2009,8.0,8.0,8.0,0,06085
386,6,California,CA,Los Altos,2010,8.0,8.0,8.0,0,06085
387,6,California,CA,Los Altos,2011,8.0,8.0,8.0,0,06085
388,6,California,CA,Los Altos,2012,8.0,8.0,8.0,0,06085
389,6,California,CA,Los Altos,2013,8.0,8.0,8.0,0,06085
390,6,California,CA,Los Altos,2014,8.0,8.504109589041096,9.0,0,06085
391,6,California,CA,Los Altos,2015,9.0,9.0,9.0,0,06085
392,6,California,CA,Los Altos,2016,10.0,10.0,10.0,0,06085
393,6,California,CA,Los Altos,2017,12.0,12.0,12.0,1,06085
394,6,California,CA,Los Altos,2018,13.5,13.5,13.5,1,06085
395,6,California,CA,Los Altos,2019,15.0,15.0,15.0,1,06085
396,6,California,CA,Los Altos,2020,15.4,15.399999999999947,15.4,1,06085
397,6,California,CA,Los Altos,2021,15.65,15.649999999999944,15.65,1,06085
398,6,California,CA,Los Altos,2022,16.4,16.399999999999928,16.4,1,06085
399,6,California,CA,Los Angeles,2004,6.75,6.75,6.75,0,06037
400,6,California,CA,Los Angeles,2005,6.75,6.75,6.75,0,06037
401,6,California,CA,Los Angeles,2006,6.75,6.75,6.75,0,06037
402,6,California,CA,Los Angeles,2007,7.5,7.5,7.5,0,06037
403,6,California,CA,Los Angeles,2008,8.0,8.0,8.0,0,06037
404,6,California,CA,Los Angeles,2009,8.0,8.0,8.0,0,06037
405,6,California,CA,Los Angeles,2010,8.0,8.0,8.0,0,06037
406,6,California,CA,Los Angeles,2011,8.0,8.0,8.0,0,06037
407,6,California,CA,Los Angeles,2012,8.0,8.0,8.0,0,06037
408,6,California,CA,Los Angeles,2013,8.0,8.0,8.0,0,06037
409,6,California,CA,Los Angeles,2014,8.0,8.504109589041096,9.0,0,06037
410,6,California,CA,Los Angeles,2015,9.0,9.0,9.0,0,06037
411,6,California,CA,Los Angeles,2016,10.0,10.251366120218579,10.5,1,06037
412,6,California,CA,Los Angeles,2017,10.5,11.256164383561643,12.0,1,06037
413,6,California,CA,Los Angeles,2018,12.0,12.63013698630137,13.25,1,06037
414,6,California,CA,Los Angeles,2019,13.25,13.754109589041096,14.25,1,06037
415,6,California,CA,Los Angeles,2020,14.25,14.62704918032787,15.0,1,06037
416,6,California,CA,Los Angeles,2021,15.0,15.0,15.0,1,06037
417,6,California,CA,Los Angeles,2022,15.0,15.524273972602721,16.04,1,06037
418,6,California,CA,Los Angeles County,2004,6.75,6.75,6.75,0,06037
419,6,California,CA,Los Angeles County,2005,6.75,6.75,6.75,0,06037
420,6,California,CA,Los Angeles County,2006,6.75,6.75,6.75,0,06037
421,6,California,CA,Los Angeles County,2007,7.5,7.5,7.5,0,06037
422,6,California,CA,Los Angeles County,2008,8.0,8.0,8.0,0,06037
423,6,California,CA,Los Angeles County,2009,8.0,8.0,8.0,0,06037
424,6,California,CA,Los Angeles County,2010,8.0,8.0,8.0,0,06037
425,6,California,CA,Los Angeles County,2011,8.0,8.0,8.0,0,06037
426,6,California,CA,Los Angeles County,2012,8.0,8.0,8.0,0,06037
427,6,California,CA,Los Angeles County,2013,8.0,8.0,8.0,0,06037
428,6,California,CA,Los Angeles County,2014,8.0,8.504109589041096,9.0,0,06037
429,6,California,CA,Los Angeles County,2015,9.0,9.0,9.0,0,06037
430,6,California,CA,Los Angeles County,2016,10.0,10.251366120218579,10.5,1,06037
431,6,California,CA,Los Angeles County,2017,10.5,11.256164383561643,12.0,1,06037
432,6,California,CA,Los Angeles County,2018,12.0,12.63013698630137,13.25,1,06037
433,6,California,CA,Los Angeles County,2019,13.25,13.754109589041096,14.25,1,06037
434,6,California,CA,Los Angeles County,2020,14.25,14.62704918032787,15.0,1,06037
435,6,California,CA,Los Angeles County,2021,15.0,15.0,15.0,1,06037
436,6,California,CA,Los Angeles County,2022,15.0,15.48394520547947,15.96,1,06037
437,21,Kentucky,KY,Louisville,2004,5.15,5.150000000000033,5.15,0,21111
438,21,Kentucky,KY,Louisville,2005,5.15,5.150000000000033,5.15,0,21111
439,21,Kentucky,KY,Louisville,2006,5.15,5.150000000000033,5.15,0,21111
440,21,Kentucky,KY,Louisville,2007,5.15,5.5124657534246095,5.8500000000000005,0,21111
441,21,Kentucky,KY,Louisville,2008,5.8500000000000005,6.201912568306015,6.55,0,21111
442,21,Kentucky,KY,Louisville,2009,6.55,6.902876712328756,7.25,0,21111
443,21,Kentucky,KY,Louisville,2010,7.25,7.25,7.25,0,21111
444,21,Kentucky,KY,Louisville,2011,7.25,7.25,7.25,0,21111
445,21,Kentucky,KY,Louisville,2012,7.25,7.25,7.25,0,21111
446,21,Kentucky,KY,Louisville,2013,7.25,7.25,7.25,0,21111
447,21,Kentucky,KY,Louisville,2014,7.25,7.25,7.25,0,21111
448,21,Kentucky,KY,Louisville,2015,7.25,7.502054794520548,7.75,1,21111
449,21,Kentucky,KY,Louisville,2016,7.25,7.801912568306011,8.25,1,21111
450,21,Kentucky,KY,Louisville,2017,7.25,7.25,7.25,0,21111
451,21,Kentucky,KY,Louisville,2018,7.25,7.25,7.25,0,21111
452,21,Kentucky,KY,Louisville,2019,7.25,7.25,7.25,0,21111
453,21,Kentucky,KY,Louisville,2020,7.25,7.25,7.25,0,21111
454,21,Kentucky,KY,Louisville,2021,7.25,7.25,7.25,0,21111
455,21,Kentucky,KY,Louisville,2022,7.25,7.25,7.25,0,21111
456,6,California,CA,Malibu,2004,6.75,6.75,6.75,0,06037
457,6,California,CA,Malibu,2005,6.75,6.75,6.75,0,06037
458,6,California,CA,Malibu,2006,6.75,6.75,6.75,0,06037
459,6,California,CA,Malibu,2007,7.5,7.5,7.5,0,06037
460,6,California,CA,Malibu,2008,8.0,8.0,8.0,0,06037
461,6,California,CA,Malibu,2009,8.0,8.0,8.0,0,06037
462,6,California,CA,Malibu,2010,8.0,8.0,8.0,0,06037
463,6,California,CA,Malibu,2011,8.0,8.0,8.0,0,06037
464,6,California,CA,Malibu,2012,8.0,8.0,8.0,0,06037
465,6,California,CA,Malibu,2013,8.0,8.0,8.0,0,06037
466,6,California,CA,Malibu,2014,8.0,8.504109589041096,9.0,0,06037
467,6,California,CA,Malibu,2015,9.0,9.0,9.0,0,06037
468,6,California,CA,Malibu,2016,10.0,10.251366120218579,10.5,1,06037
469,6,California,CA,Malibu,2017,10.5,11.256164383561643,12.0,1,06037
470,6,California,CA,Malibu,2018,12.0,12.63013698630137,13.25,1,06037
471,6,California,CA,Malibu,2019,13.25,13.754109589041096,14.25,1,06037
472,6,California,CA,Malibu,2020,14.25,14.62704918032787,15.0,1,06037
473,6,California,CA,Malibu,2021,15.0,15.0,15.0,1,06037
474,6,California,CA,Malibu,2022,15.0,15.48394520547947,15.96,1,06037
475,6,California,CA,Milpitas,2004,6.75,6.75,6.75,0,06085
476,6,California,CA,Milpitas,2005,6.75,6.75,6.75,0,06085
477,6,California,CA,Milpitas,2006,6.75,6.75,6.75,0,06085
478,6,California,CA,Milpitas,2007,7.5,7.5,7.5,0,06085
479,6,California,CA,Milpitas,2008,8.0,8.0,8.0,0,06085
480,6,California,CA,Milpitas,2009,8.0,8.0,8.0,0,06085
481,6,California,CA,Milpitas,2010,8.0,8.0,8.0,0,06085
482,6,California,CA,Milpitas,2011,8.0,8.0,8.0,0,06085
483,6,California,CA,Milpitas,2012,8.0,8.0,8.0,0,06085
484,6,California,CA,Milpitas,2013,8.0,8.0,8.0,0,06085
485,6,California,CA,Milpitas,2014,8.0,8.504109589041096,9.0,0,06085
486,6,California,CA,Milpitas,2015,9.0,9.0,9.0,0,06085
487,6,California,CA,Milpitas,2016,10.0,10.0,10.0,0,06085
488,6,California,CA,Milpitas,2017,10.5,10.752054794520548,11.0,1,06085
489,6,California,CA,Milpitas,2018,12.0,12.756164383561643,13.5,1,06085
490,6,California,CA,Milpitas,2019,13.5,14.256164383561643,15.0,1,06085
491,6,California,CA,Milpitas,2020,15.0,15.20109289617479,15.4,1,06085
492,6,California,CA,Milpitas,2021,15.4,15.526027397260219,15.65,1,06085
493,6,California,CA,Milpitas,2022,15.65,16.028082191780758,16.4,1,06085
494,27,Minnesota,MN,Minneapolis,2004,5.15,5.150000000000033,5.15,0,27053
495,27,Minnesota,MN,Minneapolis,2005,5.15,5.569178082191814,6.15,0,27053
496,27,Minnesota,MN,Minneapolis,2006,6.15,6.150000000000042,6.15,0,27053
497,27,Minnesota,MN,Minneapolis,2007,6.15,6.150000000000042,6.15,0,27053
498,27,Minnesota,MN,Minneapolis,2008,6.15,6.325956284153014,6.55,0,27053
499,27,Minnesota,MN,Minneapolis,2009,6.55,6.858767123287659,7.25,0,27053
500,27,Minnesota,MN,Minneapolis,2010,7.25,7.25,7.25,0,27053
501,27,Minnesota,MN,Minneapolis,2011,7.25,7.25,7.25,0,27053
502,27,Minnesota,MN,Minneapolis,2012,7.25,7.25,7.25,0,27053
503,27,Minnesota,MN,Minneapolis,2013,7.25,7.25,7.25,0,27053
504,27,Minnesota,MN,Minneapolis,2014,7.25,7.564383561643836,8.0,0,27053
505,27,Minnesota,MN,Minneapolis,2015,8.0,8.419178082191781,9.0,0,27053
506,27,Minnesota,MN,Minneapolis,2016,9.0,9.209016393442623,9.5,0,27053
507,27,Minnesota,MN,Minneapolis,2017,9.5,9.5,9.5,0,27053
508,27,Minnesota,MN,Minneapolis,2018,10.0,10.63013698630137,11.25,1,27053
509,27,Minnesota,MN,Minneapolis,2019,11.25,11.754109589041096,12.25,1,27053
510,27,Minnesota,MN,Minneapolis,2020,12.25,12.752732240437158,13.25,1,27053
511,27,Minnesota,MN,Minneapolis,2021,13.25,13.754109589041096,14.25,1,27053
512,27,Minnesota,MN,Minneapolis,2022,14.25,14.628082191780821,15.0,1,27053
513,24,Maryland,MD,Montgomery County,2004,5.15,5.150000000000033,5.15,0,24031
514,24,Maryland,MD,Montgomery County,2005,5.15,5.150000000000033,5.15,0,24031
515,24,Maryland,MD,Montgomery County,2006,5.15,5.150000000000033,5.15,0,24031
516,24,Maryland,MD,Montgomery County,2007,6.15,6.150000000000042,6.15,0,24031
517,24,Maryland,MD,Montgomery County,2008,6.15,6.325956284153014,6.55,0,24031
518,24,Maryland,MD,Montgomery County,2009,6.55,6.858767123287659,7.25,0,24031
519,24,Maryland,MD,Montgomery County,2010,7.25,7.25,7.25,0,24031
520,24,Maryland,MD,Montgomery County,2011,7.25,7.25,7.25,0,24031
521,24,Maryland,MD,Montgomery County,2012,7.25,7.25,7.25,0,24031
522,24,Maryland,MD,Montgomery County,2013,7.25,7.25,7.25,0,24031
523,24,Maryland,MD,Montgomery County,2014,7.25,7.539863013698653,8.4,1,24031
524,24,Maryland,MD,Montgomery County,2015,8.4,8.689863013698709,9.55,1,24031
525,24,Maryland,MD,Montgomery County,2016,9.55,10.153278688524576,10.75,1,24031
526,24,Maryland,MD,Montgomery County,2017,10.75,11.128082191780821,11.5,1,24031
527,24,Maryland,MD,Montgomery County,2018,11.5,11.878082191780821,12.25,1,24031
528,24,Maryland,MD,Montgomery County,2019,12.25,12.628082191780821,13.0,1,24031
529,24,Maryland,MD,Montgomery County,2020,13.0,13.502732240437158,14.0,1,24031
530,24,Maryland,MD,Montgomery County,2021,14.0,14.504109589041096,15.0,1,24031
531,24,Maryland,MD,Montgomery County,2022,12.5,12.5,12.5,0,24031
532,6,California,CA,Mountain View,2004,6.75,6.75,6.75,0,06085
533,6,California,CA,Mountain View,2005,6.75,6.75,6.75,0,06085
534,6,California,CA,Mountain View,2006,6.75,6.75,6.75,0,06085
535,6,California,CA,Mountain View,2007,7.5,7.5,7.5,0,06085
536,6,California,CA,Mountain View,2008,8.0,8.0,8.0,0,06085
537,6,California,CA,Mountain View,2009,8.0,8.0,8.0,0,06085
538,6,California,CA,Mountain View,2010,8.0,8.0,8.0,0,06085
539,6,California,CA,Mountain View,2011,8.0,8.0,8.0,0,06085
540,6,California,CA,Mountain View,2012,8.0,8.0,8.0,0,06085
541,6,California,CA,Mountain View,2013,8.0,8.0,8.0,0,06085
542,6,California,CA,Mountain View,2014,8.0,8.504109589041096,9.0,0,06085
543,6,California,CA,Mountain View,2015,9.0,9.655342465753492,10.3,1,06085
544,6,California,CA,Mountain View,2016,11.0,11.0,11.0,1,06085
545,6,California,CA,Mountain View,2017,13.0,13.0,13.0,1,06085
546,6,California,CA,Mountain View,2018,15.0,15.0,15.0,1,06085
547,6,California,CA,Mountain View,2019,15.65,15.649999999999944,15.65,1,06085
548,6,California,CA,Mountain View,2020,16.05,16.050000000000107,16.05,1,06085
549,6,California,CA,Mountain View,2021,16.3,16.300000000000107,16.3,1,06085
550,6,California,CA,Mountain View,2022,17.1,17.100000000000083,17.1,1,06085
551,36,New York,NY,New York City,2004,5.15,5.150000000000033,5.15,0,36061
552,36,New York,NY,New York City,2005,6.0,6.0,6.0,0,36061
553,36,New York,NY,New York City,2006,6.75,6.75,6.75,0,36061
554,36,New York,NY,New York City,2007,7.15,7.150000000000048,7.15,0,36061
555,36,New York,NY,New York City,2008,7.15,7.150000000000048,7.15,0,36061
556,36,New York,NY,New York City,2009,7.15,7.194109589041104,7.25,0,36061
557,36,New York,NY,New York City,2010,7.25,7.25,7.25,0,36061
558,36,New York,NY,New York City,2011,7.25,7.25,7.25,0,36061
559,36,New York,NY,New York City,2012,7.25,7.25,7.25,0,36061
560,36,New York,NY,New York City,2013,7.25,7.252054794520548,8.0,0,36061
561,36,New York,NY,New York City,2014,8.0,8.002054794520548,8.75,0,36061
562,36,New York,NY,New York City,2015,8.75,8.75068493150685,9.0,0,36061
563,36,New York,NY,New York City,2016,9.0,9.005464480874316,11.0,1,36061
564,36,New York,NY,New York City,2017,11.0,11.005479452054795,13.0,1,36061
565,36,New York,NY,New York City,2018,13.0,13.005479452054795,15.0,1,36061
566,36,New York,NY,New York City,2019,15.0,15.0,15.0,1,36061
567,36,New York,NY,New York City,2020,15.0,15.0,15.0,1,36061
568,36,New York,NY,New York City,2021,15.0,15.0,15.0,1,36061
569,36,New York,NY,New York City,2022,15.0,15.0,15.0,1,36061
570,41,Oregon,OR,Nonurban counties,2004,7.05,7.050000000000011,7.05,0,
571,41,Oregon,OR,Nonurban counties,2005,7.25,7.25,7.25,0,
572,41,Oregon,OR,Nonurban counties,2006,7.5,7.5,7.5,0,
573,41,Oregon,OR,Nonurban counties,2007,7.8,7.800000000000028,7.8,0,
574,41,Oregon,OR,Nonurban counties,2008,7.95,7.949999999999968,7.95,0,
575,41,Oregon,OR,Nonurban counties,2009,8.4,8.400000000000055,8.4,0,
576,41,Oregon,OR,Nonurban counties,2010,8.4,8.400000000000055,8.4,0,
577,41,Oregon,OR,Nonurban counties,2011,8.5,8.5,8.5,0,
578,41,Oregon,OR,Nonurban counties,2012,8.8,8.800000000000047,8.8,0,
579,41,Oregon,OR,Nonurban counties,2013,8.950000000000001,8.949999999999951,8.950000000000001,0,
580,41,Oregon,OR,Nonurban counties,2014,9.1,9.099999999999943,9.1,0,
581,41,Oregon,OR,Nonurban counties,2015,9.25,9.25,9.25,0,
582,41,Oregon,OR,Nonurban counties,2016,9.25,9.37568306010929,9.5,0,
583,41,Oregon,OR,Nonurban counties,2017,9.5,9.752054794520548,10.0,0,
584,41,Oregon,OR,Nonurban counties,2018,10.0,10.252054794520548,10.5,0,
585,41,Oregon,OR,Nonurban counties,2019,10.5,10.752054794520548,11.0,0,
586,41,Oregon,OR,Nonurban counties,2020,11.0,11.251366120218579,11.5,0,
587,41,Oregon,OR,Nonurban counties,2021,11.5,11.752054794520548,12.0,0,
588,41,Oregon,OR,Nonurban counties,2022,12.0,12.252054794520548,12.5,0,
589,6,California,CA,Novato,2004,6.75,6.75,6.75,0,06041
590,6,California,CA,Novato,2005,6.75,6.75,6.75,0,06041
591,6,California,CA,Novato,2006,6.75,6.75,6.75,0,06041
592,6,California,CA,Novato,2007,7.5,7.5,7.5,0,06041
593,6,California,CA,Novato,2008,8.0,8.0,8.0,0,06041
594,6,California,CA,Novato,2009,8.0,8.0,8.0,0,06041
595,6,California,CA,Novato,2010,8.0,8.0,8.0,0,06041
596,6,California,CA,Novato,2011,8.0,8.0,8.0,0,06041
597,6,California,CA,Novato,2012,8.0,8.0,8.0,0,06041
598,6,California,CA,Novato,2013,8.0,8.0,8.0,0,06041
599,6,California,CA,Novato,2014,8.0,8.504109589041096,9.0,0,06041
600,6,California,CA,Novato,2015,9.0,9.0,9.0,0,06041
601,6,California,CA,Novato,2016,10.0,10.0,10.0,0,06041
602,6,California,CA,Novato,2017,10.5,10.5,10.5,0,06041
603,6,California,CA,Novato,2018,11.0,11.0,11.0,0,06041
604,6,California,CA,Novato,2019,12.0,12.0,12.0,0,06041
605,6,California,CA,Novato,2020,13.0,14.005464480874316,15.0,1,06041
606,6,California,CA,Novato,2021,15.24,15.239999999999867,15.24,1,06041
607,6,California,CA,Novato,2022,15.77,15.770000000000115,15.77,1,06041
608,6,California,CA,Oakland,2004,6.75,6.75,6.75,0,06001
609,6,California,CA,Oakland,2005,6.75,6.75,6.75,0,06001
610,6,California,CA,Oakland,2006,6.75,6.75,6.75,0,06001
611,6,California,CA,Oakland,2007,7.5,7.5,7.5,0,06001
612,6,California,CA,Oakland,2008,8.0,8.0,8.0,0,06001
613,6,California,CA,Oakland,2009,8.0,8.0,8.0,0,06001
614,6,California,CA,Oakland,2010,8.0,8.0,8.0,0,06001
615,6,California,CA,Oakland,2011,8.0,8.0,8.0,0,06001
616,6,California,CA,Oakland,2012,8.0,8.0,8.0,0,06001
617,6,California,CA,Oakland,2013,8.0,8.0,8.0,0,06001
618,6,California,CA,Oakland,2014,8.0,8.504109589041096,9.0,0,06001
619,6,California,CA,Oakland,2015,9.0,11.715753424657533,12.25,1,06001
620,6,California,CA,Oakland,2016,12.55,12.550000000000084,12.55,1,06001
621,6,California,CA,Oakland,2017,12.86,12.859999999999994,12.86,1,06001
622,6,California,CA,Oakland,2018,13.23,13.229999999999947,13.23,1,06001
623,6,California,CA,Oakland,2019,13.8,13.800000000000095,13.8,1,06001
624,6,California,CA,Oakland,2020,14.14,14.140000000000036,14.14,1,06001
625,6,California,CA,Oakland,2021,14.36,14.359999999999962,14.36,1,06001
626,6,California,CA,Oakland,2022,15.06,15.060000000000066,15.06,1,06001
627,6,California,CA,Palo Alto,2004,6.75,6.75,6.75,0,06085
628,6,California,CA,Palo Alto,2005,6.75,6.75,6.75,0,06085
629,6,California,CA,Palo Alto,2006,6.75,6.75,6.75,0,06085
630,6,California,CA,Palo Alto,2007,7.5,7.5,7.5,0,06085
631,6,California,CA,Palo Alto,2008,8.0,8.0,8.0,0,06085
632,6,California,CA,Palo Alto,2009,8.0,8.0,8.0,0,06085
633,6,California,CA,Palo Alto,2010,8.0,8.0,8.0,0,06085
634,6,California,CA,Palo Alto,2011,8.0,8.0,8.0,0,06085
635,6,California,CA,Palo Alto,2012,8.0,8.0,8.0,0,06085
636,6,California,CA,Palo Alto,2013,8.0,8.0,8.0,0,06085
637,6,California,CA,Palo Alto,2014,8.0,8.504109589041096,9.0,0,06085
638,6,California,CA,Palo Alto,2015,9.0,9.0,9.0,0,06085
639,6,California,CA,Palo Alto,2016,11.0,11.0,11.0,1,06085
640,6,California,CA,Palo Alto,2017,12.0,12.0,12.0,1,06085
641,6,California,CA,Palo Alto,2018,13.5,13.5,13.5,1,06085
642,6,California,CA,Palo Alto,2019,15.0,15.0,15.0,1,06085
643,6,California,CA,Palo Alto,2020,15.4,15.399999999999947,15.4,1,06085
644,6,California,CA,Palo Alto,2021,15.65,15.649999999999944,15.65,1,06085
645,6,California,CA,Palo Alto,2022,16.45,16.44999999999989,16.45,1,06085
646,6,California,CA,Pasadena,2004,6.75,6.75,6.75,0,06037
647,6,California,CA,Pasadena,2005,6.75,6.75,6.75,0,06037
648,6,California,CA,Pasadena,2006,6.75,6.75,6.75,0,06037
649,6,California,CA,Pasadena,2007,7.5,7.5,7.5,0,06037
650,6,California,CA,Pasadena,2008,8.0,8.0,8.0,0,06037
651,6,California,CA,Pasadena,2009,8.0,8.0,8.0,0,06037
652,6,California,CA,Pasadena,2010,8.0,8.0,8.0,0,06037
653,6,California,CA,Pasadena,2011,8.0,8.0,8.0,0,06037
654,6,California,CA,Pasadena,2012,8.0,8.0,8.0,0,06037
655,6,California,CA,Pasadena,2013,8.0,8.0,8.0,0,06037
656,6,California,CA,Pasadena,2014,8.0,8.504109589041096,9.0,0,06037
657,6,California,CA,Pasadena,2015,9.0,9.0,9.0,0,06037
658,6,California,CA,Pasadena,2016,10.0,10.251366120218579,10.5,1,06037
659,6,California,CA,Pasadena,2017,10.5,11.256164383561643,12.0,1,06037
660,6,California,CA,Pasadena,2018,12.0,12.63013698630137,13.25,1,06037
661,6,California,CA,Pasadena,2019,13.25,13.754109589041096,14.25,1,06037
662,6,California,CA,Pasadena,2020,14.25,14.62704918032787,15.0,1,06037
663,6,California,CA,Pasadena,2021,15.0,15.0,15.0,1,06037
664,6,California,CA,Pasadena,2022,15.0,15.559561643835558,16.11,1,06037
665,6,California,CA,Petaluma,2004,6.75,6.75,6.75,0,06097
666,6,California,CA,Petaluma,2005,6.75,6.75,6.75,0,06097
667,6,California,CA,Petaluma,2006,6.75,6.75,6.75,0,06097
668,6,California,CA,Petaluma,2007,7.5,7.5,7.5,0,06097
669,6,California,CA,Petaluma,2008,8.0,8.0,8.0,0,06097
670,6,California,CA,Petaluma,2009,8.0,8.0,8.0,0,06097
671,6,California,CA,Petaluma,2010,8.0,8.0,8.0,0,06097
672,6,California,CA,Petaluma,2011,8.0,8.0,8.0,0,06097
673,6,California,CA,Petaluma,2012,8.0,8.0,8.0,0,06097
674,6,California,CA,Petaluma,2013,8.0,8.0,8.0,0,06097
675,6,California,CA,Petaluma,2014,8.0,8.504109589041096,9.0,0,06097
676,6,California,CA,Petaluma,2015,9.0,9.0,9.0,0,06097
677,6,California,CA,Petaluma,2016,10.0,10.0,10.0,0,06097
678,6,California,CA,Petaluma,2017,10.5,10.5,10.5,0,06097
679,6,California,CA,Petaluma,2018,11.0,11.0,11.0,0,06097
680,6,California,CA,Petaluma,2019,12.0,12.0,12.0,0,06097
681,6,California,CA,Petaluma,2020,15.0,15.0,15.0,1,06097
682,6,California,CA,Petaluma,2021,15.200000000000001,15.199999999999898,15.200000000000001,1,06097
683,6,California,CA,Petaluma,2022,15.85,15.85000000000006,15.85,1,06097
684,23,Maine,ME,Portland,2004,6.25,6.275136612021835,6.3500000000000005,0,23005
685,41,Oregon,OR,Portland,2004,7.05,7.050000000000011,7.05,0,
686,41,Oregon,OR,Portland,2005,7.25,7.25,7.25,0,
687,23,Maine,ME,Portland,2005,6.3500000000000005,6.387808219178061,6.5,0,23005
688,23,Maine,ME,Portland,2006,6.5,6.563013698630137,6.75,0,23005
689,41,Oregon,OR,Portland,2006,7.5,7.5,7.5,0,
690,41,Oregon,OR,Portland,2007,7.8,7.800000000000028,7.8,0,
691,23,Maine,ME,Portland,2007,6.75,6.813013698630137,7.0,0,23005
692,41,Oregon,OR,Portland,2008,7.95,7.949999999999968,7.95,0,
693,23,Maine,ME,Portland,2008,7.0,7.062841530054645,7.25,0,23005
694,41,Oregon,OR,Portland,2009,8.4,8.400000000000055,8.4,0,
695,23,Maine,ME,Portland,2009,7.25,7.313013698630137,7.5,0,23005
696,23,Maine,ME,Portland,2010,7.5,7.5,7.5,0,23005
697,41,Oregon,OR,Portland,2010,8.4,8.400000000000055,8.4,0,
698,23,Maine,ME,Portland,2011,7.5,7.5,7.5,0,23005
699,41,Oregon,OR,Portland,2011,8.5,8.5,8.5,0,
700,41,Oregon,OR,Portland,2012,8.8,8.800000000000047,8.8,0,
701,23,Maine,ME,Portland,2012,7.5,7.5,7.5,0,23005
702,41,Oregon,OR,Portland,2013,8.950000000000001,8.949999999999951,8.950000000000001,0,
703,23,Maine,ME,Portland,2013,7.5,7.5,7.5,0,23005
704,41,Oregon,OR,Portland,2014,9.1,9.099999999999943,9.1,0,
705,23,Maine,ME,Portland,2014,7.5,7.5,7.5,0,23005
706,41,Oregon,OR,Portland,2015,9.25,9.25,9.25,0,
707,23,Maine,ME,Portland,2015,7.5,7.5,7.5,0,23005
708,41,Oregon,OR,Portland,2016,9.25,9.501366120218579,9.75,0,
709,23,Maine,ME,Portland,2016,10.1,10.09999999999994,10.1,1,23005
710,41,Oregon,OR,Portland,2017,9.75,10.506164383561643,11.25,1,
711,23,Maine,ME,Portland,2017,10.68,10.679999999999934,10.68,1,23005
712,23,Maine,ME,Portland,2018,10.68,10.790904109589096,10.9,1,23005
713,41,Oregon,OR,Portland,2018,11.25,11.628082191780821,12.0,1,
714,23,Maine,ME,Portland,2019,11.0,11.0,11.0,0,23005
715,41,Oregon,OR,Portland,2019,12.0,12.252054794520548,12.5,1,
716,41,Oregon,OR,Portland,2020,12.5,12.87704918032787,13.25,1,
717,23,Maine,ME,Portland,2020,12.0,12.0,12.0,0,23005
718,23,Maine,ME,Portland,2021,12.15,12.150000000000032,12.15,0,23005
719,41,Oregon,OR,Portland,2021,13.25,13.628082191780821,14.0,1,
720,41,Oregon,OR,Portland,2022,14.0,14.378082191780821,14.75,1,
721,23,Maine,ME,Portland,2022,13.0,13.0,13.0,1,23005
722,24,Maryland,MD,Prince George's County,2004,5.15,5.150000000000033,5.15,0,24033
723,24,Maryland,MD,Prince George's County,2005,5.15,5.150000000000033,5.15,0,24033
724,24,Maryland,MD,Prince George's County,2006,5.15,5.150000000000033,5.15,0,24033
725,24,Maryland,MD,Prince George's County,2007,6.15,6.150000000000042,6.15,0,24033
726,24,Maryland,MD,Prince George's County,2008,6.15,6.325956284153014,6.55,0,24033
727,24,Maryland,MD,Prince George's County,2009,6.55,6.858767123287659,7.25,0,24033
728,24,Maryland,MD,Prince George's County,2010,7.25,7.25,7.25,0,24033
729,24,Maryland,MD,Prince George's County,2011,7.25,7.25,7.25,0,24033
730,24,Maryland,MD,Prince George's County,2012,7.25,7.25,7.25,0,24033
731,24,Maryland,MD,Prince George's County,2013,7.25,7.25,7.25,0,24033
732,24,Maryland,MD,Prince George's County,2014,7.25,7.539863013698653,8.4,1,24033
733,24,Maryland,MD,Prince George's County,2015,8.4,8.689863013698709,9.55,1,24033
734,24,Maryland,MD,Prince George's County,2016,9.55,9.851639344262306,10.75,1,24033
735,24,Maryland,MD,Prince George's County,2017,10.75,10.939041095890412,11.5,1,24033
736,24,Maryland,MD,Prince George's County,2018,11.5,11.5,11.5,1,24033
737,24,Maryland,MD,Prince George's County,2019,11.5,11.5,11.5,1,24033
738,24,Maryland,MD,Prince George's County,2020,11.5,11.5,11.5,1,24033
739,24,Maryland,MD,Prince George's County,2021,11.5,11.5,11.5,0,24033
740,24,Maryland,MD,Prince George's County,2022,11.5,11.5,11.5,0,24033
741,6,California,CA,Redwood City,2004,6.75,6.75,6.75,0,06081
742,6,California,CA,Redwood City,2005,6.75,6.75,6.75,0,06081
743,6,California,CA,Redwood City,2006,6.75,6.75,6.75,0,06081
744,6,California,CA,Redwood City,2007,7.5,7.5,7.5,0,06081
745,6,California,CA,Redwood City,2008,8.0,8.0,8.0,0,06081
746,6,California,CA,Redwood City,2009,8.0,8.0,8.0,0,06081
747,6,California,CA,Redwood City,2010,8.0,8.0,8.0,0,06081
748,6,California,CA,Redwood City,2011,8.0,8.0,8.0,0,06081
749,6,California,CA,Redwood City,2012,8.0,8.0,8.0,0,06081
750,6,California,CA,Redwood City,2013,8.0,8.0,8.0,0,06081
751,6,California,CA,Redwood City,2014,8.0,8.504109589041096,9.0,0,06081
752,6,California,CA,Redwood City,2015,9.0,9.0,9.0,0,06081
753,6,California,CA,Redwood City,2016,10.0,10.0,10.0,0,06081
754,6,California,CA,Redwood City,2017,10.5,10.5,10.5,0,06081
755,6,California,CA,Redwood City,2018,11.0,11.0,11.0,0,06081
756,6,California,CA,Redwood City,2019,13.5,13.5,13.5,1,06081
757,6,California,CA,Redwood City,2020,15.38,15.380000000000086,15.38,1,06081
758,6,California,CA,Redwood City,2021,15.620000000000001,15.61999999999991,15.620000000000001,1,06081
759,6,California,CA,Redwood City,2022,16.2,16.199999999999893,16.2,1,06081
760,36,New York,NY,Remainder of New York State,2004,5.15,5.150000000000033,5.15,0,
761,36,New York,NY,Remainder of New York State,2005,6.0,6.0,6.0,0,
762,36,New York,NY,Remainder of New York State,2006,6.75,6.75,6.75,0,
763,36,New York,NY,Remainder of New York State,2007,7.15,7.150000000000048,7.15,0,
764,36,New York,NY,Remainder of New York State,2008,7.15,7.150000000000048,7.15,0,
765,36,New York,NY,Remainder of New York State,2009,7.15,7.194109589041104,7.25,0,
766,36,New York,NY,Remainder of New York State,2010,7.25,7.25,7.25,0,
767,36,New York,NY,Remainder of New York State,2011,7.25,7.25,7.25,0,
768,36,New York,NY,Remainder of New York State,2012,7.25,7.25,7.25,0,
769,36,New York,NY,Remainder of New York State,2013,7.25,7.252054794520548,8.0,0,
770,36,New York,NY,Remainder of New York State,2014,8.0,8.002054794520548,8.75,0,
771,36,New York,NY,Remainder of New York State,2015,8.75,8.75068493150685,9.0,0,
772,36,New York,NY,Remainder of New York State,2016,9.0,9.001912568306011,9.700000000000001,0,
773,36,New York,NY,Remainder of New York State,2017,9.700000000000001,9.70191780821912,10.4,0,
774,36,New York,NY,Remainder of New York State,2018,10.4,10.40191780821924,11.1,0,
775,36,New York,NY,Remainder of New York State,2019,11.1,11.101917808219115,11.8,0,
776,36,New York,NY,Remainder of New York State,2020,11.8,11.80191256830609,12.5,0,
777,36,New York,NY,Remainder of New York State,2021,12.5,12.501917808219178,13.200000000000001,0,
778,36,New York,NY,Remainder of New York State,2022,13.200000000000001,13.19999999999991,13.200000000000001,0,
779,41,Oregon,OR,Remainder of Oregon,2004,7.05,7.050000000000011,7.05,0,
780,41,Oregon,OR,Remainder of Oregon,2005,7.25,7.25,7.25,0,
781,41,Oregon,OR,Remainder of Oregon,2006,7.5,7.5,7.5,0,
782,41,Oregon,OR,Remainder of Oregon,2007,7.8,7.800000000000028,7.8,0,
783,41,Oregon,OR,Remainder of Oregon,2008,7.95,7.949999999999968,7.95,0,
784,41,Oregon,OR,Remainder of Oregon,2009,8.4,8.400000000000055,8.4,0,
785,41,Oregon,OR,Remainder of Oregon,2010,8.4,8.400000000000055,8.4,0,
786,41,Oregon,OR,Remainder of Oregon,2011,8.5,8.5,8.5,0,
787,41,Oregon,OR,Remainder of Oregon,2012,8.8,8.800000000000047,8.8,0,
788,41,Oregon,OR,Remainder of Oregon,2013,8.950000000000001,8.949999999999951,8.950000000000001,0,
789,41,Oregon,OR,Remainder of Oregon,2014,9.1,9.099999999999943,9.1,0,
790,41,Oregon,OR,Remainder of Oregon,2015,9.25,9.25,9.25,0,
791,41,Oregon,OR,Remainder of Oregon,2016,9.25,9.37568306010929,9.5,0,
792,41,Oregon,OR,Remainder of Oregon,2017,9.5,9.878082191780821,10.25,0,
793,41,Oregon,OR,Remainder of Oregon,2018,10.25,10.502054794520548,10.75,0,
794,41,Oregon,OR,Remainder of Oregon,2019,10.75,11.002054794520548,11.25,0,
795,41,Oregon,OR,Remainder of Oregon,2020,11.25,11.62704918032787,12.0,0,
796,41,Oregon,OR,Remainder of Oregon,2021,12.0,12.378082191780821,12.75,0,
797,41,Oregon,OR,Remainder of Oregon,2022,12.75,13.128082191780821,13.5,0,
798,6,California,CA,Richmond,2004,6.75,6.75,6.75,0,06013
799,6,California,CA,Richmond,2005,6.75,6.75,6.75,0,06013
800,6,California,CA,Richmond,2006,6.75,6.75,6.75,0,06013
801,6,California,CA,Richmond,2007,7.5,7.5,7.5,0,06013
802,6,California,CA,Richmond,2008,8.0,8.0,8.0,0,06013
803,6,California,CA,Richmond,2009,8.0,8.0,8.0,0,06013
804,6,California,CA,Richmond,2010,8.0,8.0,8.0,0,06013
805,6,California,CA,Richmond,2011,8.0,8.0,8.0,0,06013
806,6,California,CA,Richmond,2012,8.0,8.0,8.0,0,06013
807,6,California,CA,Richmond,2013,8.0,8.0,8.0,0,06013
808,6,California,CA,Richmond,2014,8.0,8.504109589041096,9.0,0,06013
809,6,California,CA,Richmond,2015,9.6,9.599999999999941,9.6,1,06013
810,6,California,CA,Richmond,2016,11.52,11.519999999999996,11.52,1,06013
811,6,California,CA,Richmond,2017,12.3,12.300000000000084,12.3,1,06013
812,6,California,CA,Richmond,2018,13.41,13.40999999999993,13.41,1,06013
813,6,California,CA,Richmond,2019,15.0,15.0,15.0,1,06013
814,6,California,CA,Richmond,2020,15.0,15.0,15.0,1,06013
815,6,California,CA,Richmond,2021,15.21,15.210000000000031,15.21,1,06013
816,6,California,CA,Richmond,2022,15.540000000000001,15.539999999999969,15.540000000000001,1,06013
817,6,California,CA,San Diego,2004,6.75,6.75,6.75,0,06073
818,6,California,CA,San Diego,2005,6.75,6.75,6.75,0,06073
819,6,California,CA,San Diego,2006,6.75,6.75,6.75,0,06073
820,6,California,CA,San Diego,2007,7.5,7.5,7.5,0,06073
821,6,California,CA,San Diego,2008,8.0,8.0,8.0,0,06073
822,6,California,CA,San Diego,2009,8.0,8.0,8.0,0,06073
823,6,California,CA,San Diego,2010,8.0,8.0,8.0,0,06073
824,6,California,CA,San Diego,2011,8.0,8.0,8.0,0,06073
825,6,California,CA,San Diego,2012,8.0,8.0,8.0,0,06073
826,6,California,CA,San Diego,2013,8.0,8.0,8.0,0,06073
827,6,California,CA,San Diego,2014,8.0,8.504109589041096,9.0,0,06073
828,6,California,CA,San Diego,2015,9.75,9.75,9.75,1,06073
829,6,California,CA,San Diego,2016,10.5,10.5,10.5,1,06073
830,6,California,CA,San Diego,2017,11.5,11.5,11.5,1,06073
831,6,California,CA,San Diego,2018,11.5,11.5,11.5,1,06073
832,6,California,CA,San Diego,2019,12.0,12.0,12.0,0,06073
833,6,California,CA,San Diego,2020,13.0,13.0,13.0,0,06073
834,6,California,CA,San Diego,2021,14.0,14.0,14.0,0,06073
835,6,California,CA,San Diego,2022,15.0,15.0,15.0,0,06073
836,6,California,CA,San Francisco,2004,6.75,8.241803278688524,8.5,1,06075
837,6,California,CA,San Francisco,2005,8.620000000000001,8.619999999999928,8.620000000000001,1,06075
838,6,California,CA,San Francisco,2006,8.82,8.820000000000046,8.82,1,06075
839,6,California,CA,San Francisco,2007,9.14,9.13999999999998,9.14,1,06075
840,6,California,CA,San Francisco,2008,9.36,9.360000000000026,9.36,1,06075
841,6,California,CA,San Francisco,2009,9.790000000000001,9.78999999999997,9.790000000000001,1,06075
842,6,California,CA,San Francisco,2010,9.790000000000001,9.78999999999997,9.790000000000001,1,06075
843,6,California,CA,San Francisco,2011,9.92,9.920000000000046,9.92,1,06075
844,6,California,CA,San Francisco,2012,10.24,10.239999999999904,10.24,1,06075
845,6,California,CA,San Francisco,2013,10.55,10.550000000000068,10.55,1,06075
846,6,California,CA,San Francisco,2014,10.74,10.7399999999999,10.74,1,06075
847,6,California,CA,San Francisco,2015,11.05,11.855479452054787,12.25,1,06075
848,6,California,CA,San Francisco,2016,12.25,12.62704918032787,13.0,1,06075
849,6,California,CA,San Francisco,2017,13.0,13.504109589041096,14.0,1,06075
850,6,California,CA,San Francisco,2018,14.0,14.504109589041096,15.0,1,06075
851,6,California,CA,San Francisco,2019,15.0,15.29742465753432,15.59,1,06075
852,6,California,CA,San Francisco,2020,15.59,15.831311475409795,16.07,1,06075
853,6,California,CA,San Francisco,2021,16.07,16.196027397260234,16.32,1,06075
854,6,California,CA,San Francisco,2022,16.32,16.657753424657443,16.990000000000002,1,06075
855,6,California,CA,San Jose,2004,6.75,6.75,6.75,0,06085
856,6,California,CA,San Jose,2005,6.75,6.75,6.75,0,06085
857,6,California,CA,San Jose,2006,6.75,6.75,6.75,0,06085
858,6,California,CA,San Jose,2007,7.5,7.5,7.5,0,06085
859,6,California,CA,San Jose,2008,8.0,8.0,8.0,0,06085
860,6,California,CA,San Jose,2009,8.0,8.0,8.0,0,06085
861,6,California,CA,San Jose,2010,8.0,8.0,8.0,0,06085
862,6,California,CA,San Jose,2011,8.0,8.0,8.0,0,06085
863,6,California,CA,San Jose,2012,8.0,8.0,8.0,0,06085
864,6,California,CA,San Jose,2013,8.0,9.621917808219179,10.0,1,06085
865,6,California,CA,San Jose,2014,10.15,10.15000000000006,10.15,1,06085
866,6,California,CA,San Jose,2015,10.3,10.300000000000066,10.3,1,06085
867,6,California,CA,San Jose,2016,10.3,10.300000000000066,10.3,1,06085
868,6,California,CA,San Jose,2017,10.5,11.256164383561643,12.0,1,06085
869,6,California,CA,San Jose,2018,13.5,13.5,13.5,1,06085
870,6,California,CA,San Jose,2019,15.0,15.0,15.0,1,06085
871,6,California,CA,San Jose,2020,15.25,15.25,15.25,1,06085
872,6,California,CA,San Jose,2021,15.450000000000001,15.449999999999894,15.450000000000001,1,06085
873,6,California,CA,San Jose,2022,16.2,16.199999999999893,16.2,1,06085
874,6,California,CA,San Leandro,2004,6.75,6.75,6.75,0,06001
875,6,California,CA,San Leandro,2005,6.75,6.75,6.75,0,06001
876,6,California,CA,San Leandro,2006,6.75,6.75,6.75,0,06001
877,6,California,CA,San Leandro,2007,7.5,7.5,7.5,0,06001
878,6,California,CA,San Leandro,2008,8.0,8.0,8.0,0,06001
879,6,California,CA,San Leandro,2009,8.0,8.0,8.0,0,06001
880,6,California,CA,San Leandro,2010,8.0,8.0,8.0,0,06001
881,6,California,CA,San Leandro,2011,8.0,8.0,8.0,0,06001
882,6,California,CA,San Leandro,2012,8.0,8.0,8.0,0,06001
883,6,California,CA,San Leandro,2013,8.0,8.0,8.0,0,06001
884,6,California,CA,San Leandro,2014,8.0,8.504109589041096,9.0,0,06001
885,6,California,CA,San Leandro,2015,9.0,9.0,9.0,0,06001
886,6,California,CA,San Leandro,2016,10.0,10.0,10.0,0,06001
887,6,California,CA,San Leandro,2017,10.5,11.256164383561643,12.0,1,06001
888,6,California,CA,San Leandro,2018,12.0,12.504109589041096,13.0,1,06001
889,6,California,CA,San Leandro,2019,13.0,13.504109589041096,14.0,1,06001
890,6,California,CA,San Leandro,2020,14.0,14.502732240437158,15.0,1,06001
891,6,California,CA,San Leandro,2021,15.0,15.0,15.0,1,06001
892,6,California,CA,San Leandro,2022,15.0,15.0,15.0,0,06001
893,6,California,CA,San Mateo,2004,6.75,6.75,6.75,0,06081
894,6,California,CA,San Mateo,2005,6.75,6.75,6.75,0,06081
895,6,California,CA,San Mateo,2006,6.75,6.75,6.75,0,06081
896,6,California,CA,San Mateo,2007,7.5,7.5,7.5,0,06081
897,6,California,CA,San Mateo,2008,8.0,8.0,8.0,0,06081
898,6,California,CA,San Mateo,2009,8.0,8.0,8.0,0,06081
899,6,California,CA,San Mateo,2010,8.0,8.0,8.0,0,06081
900,6,California,CA,San Mateo,2011,8.0,8.0,8.0,0,06081
901,6,California,CA,San Mateo,2012,8.0,8.0,8.0,0,06081
902,6,California,CA,San Mateo,2013,8.0,8.0,8.0,0,06081
903,6,California,CA,San Mateo,2014,8.0,8.504109589041096,9.0,0,06081
904,6,California,CA,San Mateo,2015,9.0,9.0,9.0,0,06081
905,6,California,CA,San Mateo,2016,10.0,10.0,10.0,0,06081
906,6,California,CA,San Mateo,2017,12.0,12.0,12.0,1,06081
907,6,California,CA,San Mateo,2018,13.5,13.5,13.5,1,06081
908,6,California,CA,San Mateo,2019,15.0,15.0,15.0,1,06081
909,6,California,CA,San Mateo,2020,15.38,15.380000000000086,15.38,1,06081
910,6,California,CA,San Mateo,2021,15.620000000000001,15.61999999999991,15.620000000000001,1,06081
911,6,California,CA,San Mateo,2022,16.2,16.199999999999893,16.2,1,06081
912,6,California,CA,Santa Clara,2004,6.75,6.75,6.75,0,06085
913,6,California,CA,Santa Clara,2005,6.75,6.75,6.75,0,06085
914,6,California,CA,Santa Clara,2006,6.75,6.75,6.75,0,06085
915,6,California,CA,Santa Clara,2007,7.5,7.5,7.5,0,06085
916,6,California,CA,Santa Clara,2008,8.0,8.0,8.0,0,06085
917,6,California,CA,Santa Clara,2009,8.0,8.0,8.0,0,06085
918,6,California,CA,Santa Clara,2010,8.0,8.0,8.0,0,06085
919,6,California,CA,Santa Clara,2011,8.0,8.0,8.0,0,06085
920,6,California,CA,Santa Clara,2012,8.0,8.0,8.0,0,06085
921,6,California,CA,Santa Clara,2013,8.0,8.0,8.0,0,06085
922,6,California,CA,Santa Clara,2014,8.0,8.504109589041096,9.0,0,06085
923,6,California,CA,Santa Clara,2015,9.0,9.0,9.0,0,06085
924,6,California,CA,Santa Clara,2016,11.0,11.0,11.0,1,06085
925,6,California,CA,Santa Clara,2017,11.1,11.099999999999936,11.1,1,06085
926,6,California,CA,Santa Clara,2018,13.0,13.0,13.0,1,06085
927,6,California,CA,Santa Clara,2019,15.0,15.0,15.0,1,06085
928,6,California,CA,Santa Clara,2020,15.4,15.399999999999947,15.4,1,06085
929,6,California,CA,Santa Clara,2021,15.65,15.649999999999944,15.65,1,06085
930,6,California,CA,Santa Clara,2022,16.4,16.399999999999928,16.4,1,06085
931,35,New Mexico,NM,Santa Fe,2004,8.5,8.5,8.5,1,35049
932,35,New Mexico,NM,Santa Fe,2005,8.5,8.5,8.5,1,35049
933,35,New Mexico,NM,Santa Fe,2006,9.5,9.5,9.5,1,35049
934,35,New Mexico,NM,Santa Fe,2007,9.5,9.5,9.5,1,35049
935,35,New Mexico,NM,Santa Fe,2008,9.5,9.5,9.5,1,35049
936,35,New Mexico,NM,Santa Fe,2009,9.5,9.5,9.5,1,35049
937,35,New Mexico,NM,Santa Fe,2010,9.5,9.5,9.5,1,35049
938,35,New Mexico,NM,Santa Fe,2011,9.5,9.5,9.5,1,35049
939,35,New Mexico,NM,Santa Fe,2012,9.5,10.160491803278658,10.290000000000001,1,35049
940,35,New Mexico,NM,Santa Fe,2013,10.290000000000001,10.47443835616448,10.51,1,35049
941,35,New Mexico,NM,Santa Fe,2014,10.51,10.635753424657482,10.66,1,35049
942,35,New Mexico,NM,Santa Fe,2015,10.66,10.810904109589094,10.84,1,35049
943,35,New Mexico,NM,Santa Fe,2016,10.84,10.89852459016388,10.91,1,35049
944,35,New Mexico,NM,Santa Fe,2017,10.91,11.060904109589096,11.09,1,35049
945,35,New Mexico,NM,Santa Fe,2018,11.09,11.349890410958965,11.4,1,35049
946,35,New Mexico,NM,Santa Fe,2019,11.4,11.735342465753503,11.8,1,35049
947,35,New Mexico,NM,Santa Fe,2020,11.8,12.05081967213111,12.1,1,35049
948,35,New Mexico,NM,Santa Fe,2021,12.1,12.284438356164426,12.32,1,35049
949,35,New Mexico,NM,Santa Fe,2022,12.32,12.848164383561556,12.950000000000001,1,35049
950,35,New Mexico,NM,Santa Fe County,2004,5.15,5.150000000000033,5.15,0,35049
951,35,New Mexico,NM,Santa Fe County,2005,5.15,5.150000000000033,5.15,0,35049
952,35,New Mexico,NM,Santa Fe County,2006,5.15,5.150000000000033,5.15,0,35049
953,35,New Mexico,NM,Santa Fe County,2007,5.15,5.458767123287624,5.8500000000000005,0,35049
954,35,New Mexico,NM,Santa Fe County,2008,6.5,6.521994535519138,6.55,0,35049
955,35,New Mexico,NM,Santa Fe County,2009,7.5,7.5,7.5,0,35049
956,35,New Mexico,NM,Santa Fe County,2010,7.5,7.5,7.5,0,35049
957,35,New Mexico,NM,Santa Fe County,2011,7.5,7.5,7.5,0,35049
958,35,New Mexico,NM,Santa Fe County,2012,7.5,7.5,7.5,0,35049
959,35,New Mexico,NM,Santa Fe County,2013,7.5,7.5,7.5,0,35049
960,35,New Mexico,NM,Santa Fe County,2014,7.5,9.6643835616438,10.66,1,35049
961,35,New Mexico,NM,Santa Fe County,2015,10.66,10.810904109589094,10.84,1,35049
962,35,New Mexico,NM,Santa Fe County,2016,10.84,10.89852459016388,10.91,1,35049
963,35,New Mexico,NM,Santa Fe County,2017,10.91,11.060904109589096,11.09,1,35049
964,35,New Mexico,NM,Santa Fe County,2018,11.09,11.349890410958965,11.4,1,35049
965,35,New Mexico,NM,Santa Fe County,2019,11.4,11.735342465753503,11.8,1,35049
966,35,New Mexico,NM,Santa Fe County,2020,11.8,12.05081967213111,12.1,1,35049
967,35,New Mexico,NM,Santa Fe County,2021,12.1,12.284438356164426,12.32,1,35049
968,35,New Mexico,NM,Santa Fe County,2022,12.32,12.3217260273973,12.950000000000001,1,35049
969,6,California,CA,Santa Monica,2004,6.75,6.75,6.75,0,06037
970,6,California,CA,Santa Monica,2005,6.75,6.75,6.75,0,06037
971,6,California,CA,Santa Monica,2006,6.75,6.75,6.75,0,06037
972,6,California,CA,Santa Monica,2007,7.5,7.5,7.5,0,06037
973,6,California,CA,Santa Monica,2008,8.0,8.0,8.0,0,06037
974,6,California,CA,Santa Monica,2009,8.0,8.0,8.0,0,06037
975,6,California,CA,Santa Monica,2010,8.0,8.0,8.0,0,06037
976,6,California,CA,Santa Monica,2011,8.0,8.0,8.0,0,06037
977,6,California,CA,Santa Monica,2012,8.0,8.0,8.0,0,06037
978,6,California,CA,Santa Monica,2013,8.0,8.0,8.0,0,06037
979,6,California,CA,Santa Monica,2014,8.0,8.504109589041096,9.0,0,06037
980,6,California,CA,Santa Monica,2015,9.0,9.0,9.0,0,06037
981,6,California,CA,Santa Monica,2016,10.0,10.251366120218579,10.5,1,06037
982,6,California,CA,Santa Monica,2017,10.5,11.256164383561643,12.0,1,06037
983,6,California,CA,Santa Monica,2018,12.0,12.63013698630137,13.25,1,06037
984,6,California,CA,Santa Monica,2019,13.25,13.754109589041096,14.25,1,06037
985,6,California,CA,Santa Monica,2020,14.25,14.62704918032787,15.0,1,06037
986,6,California,CA,Santa Monica,2021,15.0,15.0,15.0,1,06037
987,6,California,CA,Santa Monica,2022,15.0,15.48394520547947,15.96,1,06037
988,6,California,CA,Santa Rosa,2004,6.75,6.75,6.75,0,06097
989,6,California,CA,Santa Rosa,2005,6.75,6.75,6.75,0,06097
990,6,California,CA,Santa Rosa,2006,6.75,6.75,6.75,0,06097
991,6,California,CA,Santa Rosa,2007,7.5,7.5,7.5,0,06097
992,6,California,CA,Santa Rosa,2008,8.0,8.0,8.0,0,06097
993,6,California,CA,Santa Rosa,2009,8.0,8.0,8.0,0,06097
994,6,California,CA,Santa Rosa,2010,8.0,8.0,8.0,0,06097
995,6,California,CA,Santa Rosa,2011,8.0,8.0,8.0,0,06097
996,6,California,CA,Santa Rosa,2012,8.0,8.0,8.0,0,06097
997,6,California,CA,Santa Rosa,2013,8.0,8.0,8.0,0,06097
998,6,California,CA,Santa Rosa,2014,8.0,8.504109589041096,9.0,0,06097
999,6,California,CA,Santa Rosa,2015,9.0,9.0,9.0,0,06097
1000,6,California,CA,Santa Rosa,2016,10.0,10.0,10.0,0,06097
1001,6,California,CA,Santa Rosa,2017,10.5,10.5,10.5,0,06097
1002,6,California,CA,Santa Rosa,2018,11.0,11.0,11.0,0,06097
1003,6,California,CA,Santa Rosa,2019,12.0,12.0,12.0,0,06097
1004,6,California,CA,Santa Rosa,2020,13.0,14.005464480874316,15.0,1,06097
1005,6,California,CA,Santa Rosa,2021,15.0,15.100821917808128,15.200000000000001,1,06097
1006,6,California,CA,Santa Rosa,2022,15.200000000000001,15.527671232876779,15.85,1,06097
1007,53,Washington,WA,SeaTac,2004,7.16,7.159999999999996,7.16,0,53033
1008,53,Washington,WA,SeaTac,2005,7.3500000000000005,7.34999999999995,7.3500000000000005,0,53033
1009,53,Washington,WA,SeaTac,2006,7.63,7.6300000000000665,7.63,0,53033
1010,53,Washington,WA,SeaTac,2007,7.930000000000001,7.929999999999967,7.930000000000001,0,53033
1011,53,Washington,WA,SeaTac,2008,8.07,8.070000000000036,8.07,0,53033
1012,53,Washington,WA,SeaTac,2009,8.55,8.550000000000042,8.55,0,53033
1013,53,Washington,WA,SeaTac,2010,8.55,8.550000000000042,8.55,0,53033
1014,53,Washington,WA,SeaTac,2011,8.67,8.670000000000043,8.67,0,53033
1015,53,Washington,WA,SeaTac,2012,9.040000000000001,9.03999999999997,9.040000000000001,0,53033
1016,53,Washington,WA,SeaTac,2013,9.19,9.190000000000046,9.19,0,53033
1017,53,Washington,WA,SeaTac,2014,15.0,15.0,15.0,1,53033
1018,53,Washington,WA,SeaTac,2015,15.0,15.060493150684877,15.24,1,53033
1019,53,Washington,WA,SeaTac,2016,15.24,15.239999999999867,15.24,1,53033
1020,53,Washington,WA,SeaTac,2017,15.34,15.340000000000078,15.34,1,53033
1021,53,Washington,WA,SeaTac,2018,15.64,15.640000000000063,15.64,1,53033
1022,53,Washington,WA,SeaTac,2019,16.09,16.09000000000008,16.09,1,53033
1023,53,Washington,WA,SeaTac,2020,16.34,16.340000000000085,16.34,1,53033
1024,53,Washington,WA,SeaTac,2021,16.57,16.569999999999954,16.57,1,53033
1025,53,Washington,WA,SeaTac,2022,17.54,17.539999999999967,17.54,1,53033
1026,53,Washington,WA,Seattle,2004,7.16,7.159999999999996,7.16,0,53033
1027,53,Washington,WA,Seattle,2005,7.3500000000000005,7.34999999999995,7.3500000000000005,0,53033
1028,53,Washington,WA,Seattle,2006,7.63,7.6300000000000665,7.63,0,53033
1029,53,Washington,WA,Seattle,2007,7.930000000000001,7.929999999999967,7.930000000000001,0,53033
1030,53,Washington,WA,Seattle,2008,8.07,8.070000000000036,8.07,0,53033
1031,53,Washington,WA,Seattle,2009,8.55,8.550000000000042,8.55,0,53033
1032,53,Washington,WA,Seattle,2010,8.55,8.550000000000042,8.55,0,53033
1033,53,Washington,WA,Seattle,2011,8.67,8.670000000000043,8.67,0,53033
1034,53,Washington,WA,Seattle,2012,9.040000000000001,9.03999999999997,9.040000000000001,0,53033
1035,53,Washington,WA,Seattle,2013,9.19,9.190000000000046,9.19,0,53033
1036,53,Washington,WA,Seattle,2014,9.32,9.320000000000054,9.32,0,53033
1037,53,Washington,WA,Seattle,2015,9.47,10.622739726027401,11.0,1,53033
1038,53,Washington,WA,Seattle,2016,13.0,13.0,13.0,1,53033
1039,53,Washington,WA,Seattle,2017,15.0,15.0,15.0,1,53033
1040,53,Washington,WA,Seattle,2018,15.450000000000001,15.449999999999894,15.450000000000001,1,53033
1041,53,Washington,WA,Seattle,2019,16.0,16.0,16.0,1,53033
1042,53,Washington,WA,Seattle,2020,15.75,15.75,15.75,1,53033
1043,53,Washington,WA,Seattle,2021,16.69,16.689999999999902,16.69,1,53033
1044,53,Washington,WA,Seattle,2022,17.27,17.27000000000014,17.27,1,53033
1045,6,California,CA,Sonoma,2004,6.75,6.75,6.75,0,06097
1046,6,California,CA,Sonoma,2005,6.75,6.75,6.75,0,06097
1047,6,California,CA,Sonoma,2006,6.75,6.75,6.75,0,06097
1048,6,California,CA,Sonoma,2007,7.5,7.5,7.5,0,06097
1049,6,California,CA,Sonoma,2008,8.0,8.0,8.0,0,06097
1050,6,California,CA,Sonoma,2009,8.0,8.0,8.0,0,06097
1051,6,California,CA,Sonoma,2010,8.0,8.0,8.0,0,06097
1052,6,California,CA,Sonoma,2011,8.0,8.0,8.0,0,06097
1053,6,California,CA,Sonoma,2012,8.0,8.0,8.0,0,06097
1054,6,California,CA,Sonoma,2013,8.0,8.0,8.0,0,06097
1055,6,California,CA,Sonoma,2014,8.0,8.504109589041096,9.0,0,06097
1056,6,California,CA,Sonoma,2015,9.0,9.0,9.0,0,06097
1057,6,California,CA,Sonoma,2016,10.0,10.0,10.0,0,06097
1058,6,California,CA,Sonoma,2017,10.5,10.5,10.5,0,06097
1059,6,California,CA,Sonoma,2018,11.0,11.0,11.0,0,06097
1060,6,California,CA,Sonoma,2019,12.0,12.0,12.0,0,06097
1061,6,California,CA,Sonoma,2020,13.5,13.5,13.5,1,06097
1062,6,California,CA,Sonoma,2021,15.0,15.0,15.0,1,06097
1063,6,California,CA,Sonoma,2022,16.0,16.0,16.0,1,06097
1064,27,Minnesota,MN,St. Paul,2004,5.15,5.150000000000033,5.15,0,27123
1065,27,Minnesota,MN,St. Paul,2005,5.15,5.569178082191814,6.15,0,27123
1066,27,Minnesota,MN,St. Paul,2006,6.15,6.150000000000042,6.15,0,27123
1067,27,Minnesota,MN,St. Paul,2007,6.15,6.150000000000042,6.15,0,27123
1068,27,Minnesota,MN,St. Paul,2008,6.15,6.325956284153014,6.55,0,27123
1069,27,Minnesota,MN,St. Paul,2009,6.55,6.858767123287659,7.25,0,27123
1070,27,Minnesota,MN,St. Paul,2010,7.25,7.25,7.25,0,27123
1071,27,Minnesota,MN,St. Paul,2011,7.25,7.25,7.25,0,27123
1072,27,Minnesota,MN,St. Paul,2012,7.25,7.25,7.25,0,27123
1073,27,Minnesota,MN,St. Paul,2013,7.25,7.25,7.25,0,27123
1074,27,Minnesota,MN,St. Paul,2014,7.25,7.564383561643836,8.0,0,27123
1075,27,Minnesota,MN,St. Paul,2015,8.0,8.419178082191781,9.0,0,27123
1076,27,Minnesota,MN,St. Paul,2016,9.0,9.209016393442623,9.5,0,27123
1077,27,Minnesota,MN,St. Paul,2017,9.5,9.5,9.5,0,27123
1078,27,Minnesota,MN,St. Paul,2018,9.65,9.650000000000059,9.65,0,27123
1079,27,Minnesota,MN,St. Paul,2019,9.86,9.86000000000003,9.86,0,27123
1080,27,Minnesota,MN,St. Paul,2020,12.5,12.5,12.5,1,27123
1081,27,Minnesota,MN,St. Paul,2021,12.5,12.5,12.5,1,27123
1082,27,Minnesota,MN,St. Paul,2022,12.5,13.76027397260274,15.0,1,27123
1083,6,California,CA,Sunnyvale,2004,6.75,6.75,6.75,0,06085
1084,6,California,CA,Sunnyvale,2005,6.75,6.75,6.75,0,06085
1085,6,California,CA,Sunnyvale,2006,6.75,6.75,6.75,0,06085
1086,6,California,CA,Sunnyvale,2007,7.5,7.5,7.5,0,06085
1087,6,California,CA,Sunnyvale,2008,8.0,8.0,8.0,0,06085
1088,6,California,CA,Sunnyvale,2009,8.0,8.0,8.0,0,06085
1089,6,California,CA,Sunnyvale,2010,8.0,8.0,8.0,0,06085
1090,6,California,CA,Sunnyvale,2011,8.0,8.0,8.0,0,06085
1091,6,California,CA,Sunnyvale,2012,8.0,8.0,8.0,0,06085
1092,6,California,CA,Sunnyvale,2013,8.0,8.0,8.0,0,06085
1093,6,California,CA,Sunnyvale,2014,8.0,8.504109589041096,9.0,0,06085
1094,6,California,CA,Sunnyvale,2015,10.3,10.300000000000066,10.3,1,06085
1095,6,California,CA,Sunnyvale,2016,10.3,10.651912568305995,11.0,1,06085
1096,6,California,CA,Sunnyvale,2017,13.0,13.0,13.0,1,06085
1097,6,California,CA,Sunnyvale,2018,15.0,15.0,15.0,1,06085
1098,6,California,CA,Sunnyvale,2019,15.65,15.649999999999944,15.65,1,06085
1099,6,California,CA,Sunnyvale,2020,16.05,16.050000000000107,16.05,1,06085
1100,6,California,CA,Sunnyvale,2021,16.3,16.300000000000107,16.3,1,06085
1101,6,California,CA,Sunnyvale,2022,17.1,17.100000000000083,17.1,1,06085
1102,53,Washington,WA,Tacoma,2004,7.16,7.159999999999996,7.16,0,53053
1103,53,Washington,WA,Tacoma,2005,7.3500000000000005,7.34999999999995,7.3500000000000005,0,53053
1104,53,Washington,WA,Tacoma,2006,7.63,7.6300000000000665,7.63,0,53053
1105,53,Washington,WA,Tacoma,2007,7.930000000000001,7.929999999999967,7.930000000000001,0,53053
1106,53,Washington,WA,Tacoma,2008,8.07,8.070000000000036,8.07,0,53053
1107,53,Washington,WA,Tacoma,2009,8.55,8.550000000000042,8.55,0,53053
1108,53,Washington,WA,Tacoma,2010,8.55,8.550000000000042,8.55,0,53053
1109,53,Washington,WA,Tacoma,2011,8.67,8.670000000000043,8.67,0,53053
1110,53,Washington,WA,Tacoma,2012,9.040000000000001,9.03999999999997,9.040000000000001,0,53053
1111,53,Washington,WA,Tacoma,2013,9.19,9.190000000000046,9.19,0,53053
1112,53,Washington,WA,Tacoma,2014,9.32,9.320000000000054,9.32,0,53053
1113,53,Washington,WA,Tacoma,2015,9.47,9.469999999999931,9.47,0,53053
1114,53,Washington,WA,Tacoma,2016,9.47,10.275464480874257,10.35,1,53053
1115,53,Washington,WA,Tacoma,2017,11.15,11.150000000000064,11.15,1,53053
1116,53,Washington,WA,Tacoma,2018,12.0,12.0,12.0,1,53053
1117,53,Washington,WA,Tacoma,2019,12.35,12.349999999999975,12.35,1,53053
1118,53,Washington,WA,Tacoma,2020,12.35,12.349999999999977,12.35,0,53053
1119,53,Washington,WA,Tacoma,2021,12.35,12.349999999999975,12.35,0,53053
1120,53,Washington,WA,Tacoma,2022,12.35,12.349999999999975,12.35,0,53053
1121,19,Iowa,IA,Wapello County,2004,5.15,5.150000000000033,5.15,0,19179
1122,19,Iowa,IA,Wapello County,2005,5.15,5.150000000000033,5.15,0,19179
1123,19,Iowa,IA,Wapello County,2006,5.15,5.150000000000033,5.15,0,19179
1124,19,Iowa,IA,Wapello County,2007,5.15,5.941095890410978,6.2,0,19179
1125,19,Iowa,IA,Wapello County,2008,7.25,7.25,7.25,0,19179
1126,19,Iowa,IA,Wapello County,2009,7.25,7.25,7.25,0,19179
1127,19,Iowa,IA,Wapello County,2010,7.25,7.25,7.25,0,19179
1128,19,Iowa,IA,Wapello County,2011,7.25,7.25,7.25,0,19179
1129,19,Iowa,IA,Wapello County,2012,7.25,7.25,7.25,0,19179
1130,19,Iowa,IA,Wapello County,2013,7.25,7.25,7.25,0,19179
1131,19,Iowa,IA,Wapello County,2014,7.25,7.25,7.25,0,19179
1132,19,Iowa,IA,Wapello County,2015,7.25,7.25,7.25,0,19179
1133,19,Iowa,IA,Wapello County,2016,7.25,7.25,7.25,0,19179
1134,19,Iowa,IA,Wapello County,2017,7.25,7.47904109589037,8.2,1,19179
1135,19,Iowa,IA,Wapello County,2018,7.25,7.25,7.25,0,19179
1136,19,Iowa,IA,Wapello County,2019,7.25,7.25,7.25,0,19179
1137,19,Iowa,IA,Wapello County,2020,7.25,7.25,7.25,0,19179
1138,19,Iowa,IA,Wapello County,2021,7.25,7.25,7.25,0,19179
1139,19,Iowa,IA,Wapello County,2022,7.25,7.25,7.25,0,19179
1140,11,District of Columbia,DC,Washington,2004,6.15,6.150000000000042,6.15,0,11001
1141,11,District of Columbia,DC,Washington,2005,6.6000000000000005,6.599999999999955,6.6000000000000005,0,11001
1142,11,District of Columbia,DC,Washington,2006,7.0,7.0,7.0,0,11001
1143,11,District of Columbia,DC,Washington,2007,7.0,7.0,7.0,0,11001
1144,11,District of Columbia,DC,Washington,2008,7.0,7.2419398907104116,7.55,0,11001
1145,11,District of Columbia,DC,Washington,2009,7.55,7.858767123287656,8.25,0,11001
1146,11,District of Columbia,DC,Washington,2010,8.25,8.25,8.25,0,11001
1147,11,District of Columbia,DC,Washington,2011,8.25,8.25,8.25,0,11001
1148,11,District of Columbia,DC,Washington,2012,8.25,8.25,8.25,0,11001
1149,11,District of Columbia,DC,Washington,2013,8.25,8.25,8.25,0,11001
1150,11,District of Columbia,DC,Washington,2014,8.25,8.88013698630137,9.5,0,11001
1151,11,District of Columbia,DC,Washington,2015,9.5,10.004109589041096,10.5,0,11001
1152,11,District of Columbia,DC,Washington,2016,10.5,11.002732240437158,11.5,0,11001
1153,11,District of Columbia,DC,Washington,2017,11.5,12.004109589041096,12.5,0,11001
1154,11,District of Columbia,DC,Washington,2018,12.5,12.878082191780821,13.25,0,11001
1155,11,District of Columbia,DC,Washington,2019,13.25,13.628082191780821,14.0,0,11001
1156,11,District of Columbia,DC,Washington,2020,14.0,14.502732240437158,15.0,0,11001
1157,11,District of Columbia,DC,Washington,2021,15.0,15.100821917808128,15.200000000000001,0,11001
1158,11,District of Columbia,DC,Washington,2022,15.200000000000001,15.651232876712395,16.1,0,11001
